DateTime_Minute,Bid1_Price,Bid1_Volume,Ask1_Price,Ask1_Volume,Bid2_Price,Bid2_Volume,Ask2_Price,Ask2_Volume,Mid-Price,Bid_Ask_Spread,Market_Depth_Bid,Market_Depth_Ask,Historical_Volatility,Total_volume,Cumulative_Volume_Difference,Total_Volume_Change_Corrected,Order_imbalance,Weighted_Avg_Price,Weighted_Avg_Price,Trade_Volume,Trade_Price_Mean
2025-04-14 07:30:00,146.65,1267.0,178.25,1344.0,143.24,1380.0,190.3,1476.0,162.45,31.6,2647.0,2820.0,11.97,5467,-173.0,120.0,-0.06,141.0,155.67,66.0,148.68
2025-04-14 07:31:00,146.93,1120.0,190.03,1111.0,140.66,2018.0,264.08,952.0,168.48,43.1,3138.0,2063.0,23.77,5201,1075.0,26.0,0.21,140.0,154.5,82.0,148.55
2025-04-14 07:32:00,147.72,1346.0,172.66,1256.0,134.62,1908.0,230.06,1342.0,160.19,24.94,3254.0,2598.0,8.57,5852,656.0,99.0,0.07,143.0,155.8,71.0,149.77
2025-04-14 07:33:00,152.33,667.0,179.34,523.0,149.86,1076.0,198.25,472.0,165.84,27.01,1743.0,995.0,7.3,2738,748.0,167.5,0.25,150.0,155.0,30.0,153.04
2025-04-14 07:34:00,149.68,2921.0,174.06,1720.0,145.55,2853.0,268.01,1731.0,161.87,24.37,5774.0,3451.0,16.85,9225,2323.0,77.0,0.21,148.0,158.0,111.0,151.32
2025-04-14 07:35:00,150.24,2130.0,161.88,1620.0,147.65,2981.0,222.7,1314.0,156.06,11.64,5111.0,2934.0,3.61,8045,2177.0,133.0,0.2,145.86,156.0,89.0,151.02
2025-04-14 07:36:00,150.75,2058.0,162.39,1297.0,148.12,2793.0,192.62,1283.0,156.57,11.64,4851.0,2580.0,3.17,7431,2271.0,229.5,0.25,148.75,158.0,73.0,152.12
2025-04-14 07:37:00,151.92,1752.0,156.74,856.0,150.18,1940.0,170.24,846.0,154.33,4.82,3692.0,1702.0,1.21,5394,1990.0,-209.0,0.27,150.0,156.0,50.0,152.94
2025-04-14 07:38:00,150.36,3999.0,157.17,1827.0,148.68,2851.0,209.29,1900.0,153.76,6.81,6850.0,3727.0,2.93,10577,3123.0,114.0,0.21,148.0,156.0,101.0,151.66
2025-04-14 07:39:00,151.67,2244.0,179.15,1430.0,149.79,2668.0,235.0,1570.0,165.41,27.48,4912.0,3000.0,12.64,7912,1912.0,-276.5,0.22,148.0,157.0,85.0,152.13
2025-04-14 07:40:00,146.07,2231.0,168.73,1537.0,140.38,1865.0,200.11,1521.0,157.4,22.66,4096.0,3058.0,10.37,7154,1038.0,178.5,0.07,139.14,156.0,103.0,150.3
2025-04-14 07:41:00,150.81,1535.0,200.63,1197.0,145.59,2038.0,280.43,1077.0,175.72,49.82,3573.0,2274.0,16.02,5847,1299.0,394.5,0.17,147.5,155.0,93.0,151.35
2025-04-14 07:42:00,150.24,2979.0,170.97,1201.0,146.91,2807.0,231.42,1112.0,160.61,20.74,5786.0,2313.0,11.53,8099,3473.0,186.5,0.36,147.0,155.0,77.0,151.43
2025-04-14 07:43:00,150.5,953.0,217.75,836.0,145.87,1064.0,307.97,905.0,184.12,67.25,2017.0,1741.0,20.49,3758,276.0,64.0,0.05,146.0,156.0,57.0,151.73
2025-04-14 07:44:00,149.14,1227.0,166.49,1470.0,143.84,1226.0,232.22,1371.0,157.81,17.35,2453.0,2841.0,7.26,5294,-388.0,80.0,-0.07,146.0,156.0,61.0,151.85
2025-04-14 07:45:00,147.06,1670.0,204.76,804.0,142.06,1881.0,292.77,795.0,175.91,57.7,3551.0,1599.0,15.37,5150,1952.0,31.5,0.31,141.0,155.0,51.0,150.01
2025-04-14 07:46:00,149.89,1679.0,193.71,1176.0,141.27,2054.0,252.86,1228.0,171.8,43.83,3733.0,2404.0,18.71,6137,1329.0,142.0,0.18,147.2,155.0,79.0,151.18
2025-04-14 07:47:00,144.13,1280.0,242.7,914.0,126.47,1995.0,311.46,854.0,193.41,98.58,3275.0,1768.0,33.64,5043,1507.0,-99.5,0.26,142.67,153.5,54.0,148.6
2025-04-14 07:48:00,150.09,2016.0,179.59,1091.0,147.37,2007.0,244.59,1205.0,164.84,29.5,4023.0,2296.0,5.88,6319,1727.0,-7.5,0.21,148.0,155.5,77.0,150.91
2025-04-14 07:49:00,151.4,3549.0,176.42,1408.0,149.32,2530.0,225.37,1799.0,163.91,25.02,6079.0,3207.0,6.45,9286,2872.0,-63.0,0.26,148.0,156.0,85.0,152.3
2025-04-14 07:50:00,139.8,2537.0,187.69,1705.0,122.35,1803.0,223.63,1716.0,163.75,47.89,4340.0,3421.0,20.49,7761,919.0,87.0,0.05,138.0,154.0,88.0,146.43
2025-04-14 07:51:00,150.7,2250.0,180.98,1591.0,147.24,2167.0,264.68,1530.0,165.84,30.28,4417.0,3121.0,7.42,7538,1296.0,-108.5,0.13,148.0,155.0,92.0,151.55
2025-04-14 07:52:00,150.08,2605.0,209.85,1429.0,144.39,2713.0,310.31,1781.0,179.97,59.77,5318.0,3210.0,24.26,8528,2108.0,152.5,0.21,145.71,156.0,95.0,151.06
2025-04-14 07:53:00,150.82,2961.0,198.77,1519.0,148.11,2209.0,286.87,1457.0,174.79,47.95,5170.0,2976.0,17.79,8146,2194.0,-390.0,0.21,148.0,157.33,109.0,151.58
2025-04-14 07:54:00,143.94,1614.0,198.64,1405.0,130.27,1682.0,273.85,1165.0,171.29,54.7,3296.0,2570.0,22.71,5866,726.0,-37.0,0.11,141.0,154.4,84.0,147.69
2025-04-14 07:55:00,152.01,2023.0,247.49,1084.0,150.26,1344.0,325.83,1002.0,199.75,95.48,3367.0,2086.0,29.47,5453,1281.0,225.5,0.18,148.75,155.5,84.0,152.65
2025-04-14 07:56:00,147.73,1777.0,238.07,1457.0,141.04,2186.0,326.5,1437.0,192.9,90.34,3963.0,2894.0,34.11,6857,1069.0,156.0,0.11,142.5,155.0,95.0,150.27
2025-04-14 07:57:00,146.83,1116.0,218.24,680.0,141.08,1346.0,270.59,757.0,182.54,71.41,2462.0,1437.0,19.51,3899,1025.0,-205.5,0.22,142.67,156.0,82.0,151.24
2025-04-14 07:58:00,150.35,2057.0,222.6,962.0,146.74,1733.0,269.26,941.0,186.48,72.25,3790.0,1903.0,16.29,5693,1887.0,-4.5,0.28,146.5,155.0,68.0,151.15
2025-04-14 07:59:00,146.46,3092.0,183.87,2095.0,137.89,2656.0,210.67,1812.0,165.17,37.4,5748.0,3907.0,10.46,9655,1841.0,-93.5,0.14,142.0,155.0,117.0,149.96
2025-04-14 08:00:00,149.69,2566.0,219.24,1598.0,146.46,3389.0,254.96,1516.0,184.46,69.55,5955.0,3114.0,17.64,9069,2841.0,7.0,0.28,146.43,154.0,96.0,150.06
2025-04-14 08:01:00,149.84,2689.0,221.83,1808.0,133.03,2827.0,301.02,1542.0,185.83,71.99,5516.0,3350.0,19.14,8866,2166.0,406.5,0.2,143.0,154.17,100.0,149.95
2025-04-14 08:02:00,151.3,1891.0,180.0,1589.0,149.15,2039.0,225.21,1634.0,165.65,28.7,3930.0,3223.0,6.39,7153,707.0,25.0,0.07,146.0,155.29,107.0,151.88
2025-04-14 08:03:00,144.56,2723.0,194.62,1521.0,136.13,2715.0,260.07,1409.0,169.59,50.06,5438.0,2930.0,23.81,8368,2508.0,45.0,0.28,137.0,154.0,107.0,148.86
2025-04-14 08:04:00,144.89,1273.0,184.69,1027.0,137.14,1716.0,248.05,1029.0,164.79,39.81,2989.0,2056.0,18.39,5045,933.0,78.0,0.15,144.0,155.0,68.0,149.01
2025-04-14 08:05:00,143.56,1832.0,171.78,1346.0,127.76,2670.0,218.85,1642.0,157.67,28.22,4502.0,2988.0,12.21,7490,1514.0,102.0,0.16,137.0,154.0,107.0,147.5
2025-04-14 08:06:00,147.21,2312.0,201.09,1772.0,136.92,2467.0,263.43,1909.0,174.15,53.88,4779.0,3681.0,24.3,8460,1098.0,454.0,0.12,141.0,156.0,87.0,149.11
2025-04-14 08:07:00,151.65,1710.0,186.95,1587.0,149.66,2028.0,243.04,1443.0,169.3,35.3,3738.0,3030.0,12.75,6768,708.0,-269.0,0.09,146.5,156.0,81.0,151.43
2025-04-14 08:08:00,149.93,1639.0,216.28,1798.0,143.87,1838.0,319.38,1389.0,183.1,66.35,3477.0,3187.0,27.39,6664,290.0,-3.5,0.04,144.0,155.0,89.0,151.18
2025-04-14 08:09:00,150.13,2206.0,217.11,1268.0,145.57,3003.0,240.8,1323.0,183.62,66.98,5209.0,2591.0,16.71,7800,2618.0,137.0,0.26,142.75,157.0,101.0,151.54
2025-04-14 08:10:00,151.9,2171.0,192.0,1620.0,149.27,2247.0,259.59,1679.0,171.95,40.1,4418.0,3299.0,11.97,7717,1119.0,-94.0,0.1,145.0,155.0,114.0,152.26
2025-04-14 08:11:00,146.85,2002.0,216.22,1728.0,136.89,1852.0,300.3,1905.0,181.53,69.37,3854.0,3633.0,24.0,7487,221.0,332.5,0.01,145.0,155.25,87.0,149.18
2025-04-14 08:12:00,149.19,2446.0,195.9,1510.0,143.22,3206.0,264.93,1678.0,172.54,46.71,5652.0,3188.0,22.88,8840,2464.0,8.5,0.21,140.0,155.0,87.0,150.78
2025-04-14 08:13:00,149.4,2859.0,209.45,1498.0,142.78,2396.0,304.33,1482.0,179.43,60.05,5255.0,2980.0,31.42,8235,2275.0,-95.0,0.22,141.87,154.0,112.0,150.91
2025-04-14 08:14:00,150.43,2790.0,200.41,987.0,147.14,2289.0,280.24,1011.0,175.42,49.99,5079.0,1998.0,18.02,7077,3081.0,39.0,0.35,145.25,154.0,89.0,151.99
2025-04-14 08:15:00,151.04,3799.0,217.88,1668.0,147.34,2745.0,289.94,1452.0,184.46,66.84,6544.0,3120.0,20.67,9664,3424.0,196.0,0.32,144.0,155.0,121.0,150.77
2025-04-14 08:16:00,148.75,2428.0,178.27,2171.0,143.76,2663.0,234.3,1925.0,163.51,29.52,5091.0,4096.0,18.75,9187,995.0,26.0,0.08,137.0,154.0,111.0,150.21
2025-04-14 08:17:00,150.79,2226.0,192.04,1498.0,148.76,2662.0,276.31,1406.0,171.41,41.26,4888.0,2904.0,14.9,7792,1984.0,-48.5,0.21,146.67,154.0,121.0,150.97
2025-04-14 08:18:00,149.77,1749.0,180.19,1644.0,147.86,1956.0,227.92,1378.0,164.98,30.42,3705.0,3022.0,17.34,6727,683.0,240.5,0.04,146.5,155.33,89.0,150.8
2025-04-14 08:19:00,150.55,3380.0,163.5,1740.0,148.17,3348.0,275.3,1964.0,157.03,12.95,6728.0,3704.0,7.13,10432,3024.0,-59.0,0.24,147.2,156.0,99.0,151.66
2025-04-14 08:20:00,150.04,1951.0,172.12,1279.0,147.49,2284.0,264.62,1685.0,161.08,22.08,4235.0,2964.0,10.61,7199,1271.0,68.0,0.15,144.67,156.0,76.0,150.62
2025-04-14 08:21:00,150.57,3092.0,195.11,1925.0,147.42,2116.0,309.24,1984.0,172.84,44.53,5208.0,3909.0,12.18,9117,1299.0,-74.5,0.08,145.25,154.33,118.0,150.9
2025-04-14 08:22:00,150.64,2477.0,208.64,1554.0,148.37,3033.0,272.68,1489.0,179.64,58.0,5510.0,3043.0,19.27,8553,2467.0,-36.5,0.24,147.2,154.0,110.0,150.92
2025-04-14 08:23:00,149.24,2706.0,165.04,2118.0,147.11,3491.0,200.72,1745.0,157.14,15.81,6197.0,3863.0,8.06,10060,2334.0,138.5,0.21,143.0,154.0,116.0,149.72
2025-04-14 08:24:00,149.7,1896.0,223.92,1966.0,147.48,3606.0,289.15,1915.0,186.81,74.22,5502.0,3881.0,17.55,9383,1621.0,4.5,0.13,145.0,153.8,112.0,149.51
2025-04-14 08:25:00,142.65,1973.0,183.32,1384.0,128.09,1831.0,275.37,1507.0,162.98,40.67,3804.0,2891.0,21.28,6695,913.0,-37.5,0.1,136.33,153.0,94.0,145.95
2025-04-14 08:26:00,140.65,2314.0,188.62,2315.0,133.87,2148.0,248.89,2289.0,164.64,47.97,4462.0,4604.0,14.38,9066,-142.0,-88.0,-0.05,136.73,152.0,108.0,146.43
2025-04-14 08:27:00,148.82,3335.0,209.46,2101.0,144.64,2613.0,294.88,2157.0,179.14,60.64,5948.0,4258.0,20.24,10206,1690.0,-212.0,0.11,143.6,155.0,113.0,148.88
2025-04-14 08:28:00,149.16,2463.0,196.05,1502.0,146.13,2784.0,259.87,1465.0,172.61,46.89,5247.0,2967.0,13.01,8214,2280.0,116.0,0.24,143.0,155.0,92.0,149.58
2025-04-14 08:29:00,150.94,2729.0,214.95,1587.0,148.39,2999.0,310.67,1603.0,182.95,64.01,5728.0,3190.0,21.02,8918,2538.0,12.5,0.25,146.0,154.0,88.0,150.23
2025-04-14 08:30:00,151.3,3109.0,225.59,1871.0,149.03,3584.0,264.83,1815.0,188.45,74.29,6693.0,3686.0,11.45,10379,3007.0,1.5,0.23,147.0,155.0,83.0,151.25
2025-04-14 08:31:00,149.84,1879.0,175.48,1752.0,144.93,1553.0,238.39,1524.0,162.66,25.65,3432.0,3276.0,18.95,6708,156.0,-46.0,0.01,140.5,154.33,112.0,150.31
2025-04-14 08:32:00,149.53,5596.0,196.67,1390.0,147.94,5277.0,246.99,1484.0,173.1,47.14,10873.0,2874.0,13.6,13747,7999.0,342.0,0.52,145.0,154.6,95.0,150.02
2025-04-14 08:33:00,150.11,2464.0,218.54,1457.0,147.87,2562.0,324.1,1535.0,184.32,68.42,5026.0,2992.0,26.07,8018,2034.0,-59.0,0.2,144.0,154.0,93.0,149.93
2025-04-14 08:34:00,148.56,3080.0,234.6,1705.0,146.47,2927.0,315.71,1709.0,191.58,86.05,6007.0,3414.0,31.53,9421,2593.0,109.0,0.26,145.0,153.0,116.0,148.52
2025-04-14 08:35:00,149.91,2406.0,209.03,1675.0,147.71,2531.0,261.78,1695.0,179.47,59.12,4937.0,3370.0,15.72,8307,1567.0,-82.0,0.12,145.0,155.0,83.0,150.74
2025-04-14 08:36:00,150.04,2226.0,198.47,1887.0,147.72,1964.0,246.26,2088.0,174.26,48.43,4190.0,3975.0,17.81,8165,215.0,-41.5,-0.01,145.88,153.0,119.0,149.99
2025-04-14 08:37:00,149.65,2335.0,208.68,1496.0,144.77,1622.0,247.78,1650.0,179.16,59.03,3957.0,3146.0,19.43,7103,811.0,236.0,0.04,144.17,154.0,103.0,149.11
2025-04-14 08:38:00,151.34,2052.0,194.66,1319.0,149.19,2569.0,279.45,1498.0,173.0,43.33,4621.0,2817.0,22.61,7438,1804.0,-96.0,0.22,148.0,155.0,76.0,151.98
2025-04-14 08:39:00,151.34,3275.0,215.86,1859.0,149.57,3122.0,277.35,1699.0,183.6,64.52,6397.0,3558.0,22.7,9955,2839.0,-42.0,0.23,149.0,155.0,84.0,151.64
2025-04-14 08:40:00,149.87,3104.0,187.94,1711.0,146.9,2934.0,259.98,1699.0,168.9,38.07,6038.0,3410.0,15.28,9448,2628.0,-151.0,0.22,144.73,155.0,110.0,149.72
2025-04-14 08:41:00,149.97,2523.0,217.1,1627.0,147.42,2558.0,260.19,1440.0,183.53,67.13,5081.0,3067.0,24.15,8148,2014.0,-186.5,0.22,145.6,155.0,92.0,150.46
2025-04-14 08:42:00,149.68,3264.0,186.29,1580.0,146.68,2864.0,219.46,1650.0,167.99,36.61,6128.0,3230.0,8.43,9358,2898.0,-29.0,0.29,145.0,153.0,118.0,149.48
2025-04-14 08:43:00,149.88,2028.0,240.69,1973.0,145.92,2436.0,300.29,1948.0,195.28,90.81,4464.0,3921.0,25.05,8385,543.0,129.5,-0.01,144.67,153.0,94.0,149.8
2025-04-14 08:44:00,148.73,4358.0,197.8,1282.0,146.52,5304.0,276.68,1594.0,173.26,49.07,9662.0,2876.0,17.23,12538,6786.0,-163.5,0.44,146.0,153.0,100.0,149.24
2025-04-14 08:45:00,149.45,3036.0,206.46,1983.0,147.59,3103.0,288.08,1801.0,177.96,57.01,6139.0,3784.0,18.68,9923,2355.0,-72.5,0.19,145.0,153.2,121.0,149.2
2025-04-14 08:46:00,147.04,3365.0,182.38,1582.0,142.98,3295.0,247.95,1926.0,164.71,35.34,6660.0,3508.0,9.3,10168,3152.0,250.5,0.25,139.6,153.86,108.0,148.41
2025-04-14 08:47:00,144.52,1411.0,194.69,1859.0,137.96,1749.0,276.66,1780.0,169.6,50.17,3160.0,3639.0,18.3,6799,-479.0,264.5,-0.12,135.0,152.75,95.0,146.78
2025-04-14 08:48:00,149.73,2968.0,225.07,1646.0,147.73,3847.0,317.96,1963.0,187.4,75.35,6815.0,3609.0,22.23,10424,3206.0,-211.0,0.28,146.0,155.0,113.0,150.02
2025-04-14 08:49:00,149.4,2049.0,223.07,1452.0,144.61,1403.0,303.94,1323.0,186.24,73.66,3452.0,2775.0,20.01,6227,677.0,70.5,0.06,142.8,154.0,90.0,149.27
2025-04-14 08:50:00,150.61,2634.0,212.26,1430.0,146.68,4126.0,299.83,1411.0,181.43,61.64,6760.0,2841.0,20.92,9601,3919.0,-188.0,0.34,145.2,153.67,101.0,150.62
2025-04-14 08:51:00,145.22,3211.0,197.04,1769.0,134.59,2563.0,233.47,1818.0,171.13,51.82,5774.0,3587.0,18.56,9361,2187.0,-39.5,0.21,138.0,153.0,111.0,147.26
2025-04-14 08:52:00,148.78,2604.0,197.21,1798.0,142.0,2942.0,246.98,1661.0,172.99,48.44,5546.0,3459.0,19.56,9005,2087.0,-153.0,0.18,144.0,154.6,115.0,149.38
2025-04-14 08:53:00,145.5,3752.0,180.01,1722.0,136.52,3172.0,225.3,1756.0,162.76,34.51,6924.0,3478.0,13.19,10402,3446.0,136.5,0.3,138.75,155.0,86.0,149.08
2025-04-14 08:54:00,150.67,2713.0,237.94,1532.0,148.86,3212.0,311.28,1211.0,194.3,87.27,5925.0,2743.0,20.59,8668,3182.0,-222.0,0.32,146.0,154.0,109.0,150.23
2025-04-14 08:55:00,145.18,3634.0,213.1,1574.0,134.95,3175.0,277.71,1822.0,179.14,67.92,6809.0,3396.0,15.59,10205,3413.0,127.5,0.25,139.33,152.5,109.0,147.47
2025-04-14 08:56:00,150.23,3227.0,231.83,1545.0,147.55,2954.0,321.57,1853.0,191.03,81.6,6181.0,3398.0,26.29,9579,2783.0,-298.0,0.24,146.0,153.0,94.0,149.9
2025-04-14 08:57:00,147.22,2731.0,200.16,2055.0,140.09,2071.0,280.44,1941.0,173.69,52.93,4802.0,3996.0,16.86,8798,806.0,35.0,0.03,141.0,153.0,107.0,147.88
2025-04-14 08:58:00,148.72,1916.0,191.79,2075.0,143.93,1915.0,238.31,2001.0,170.25,43.07,3831.0,4076.0,11.12,7907,-245.0,31.0,-0.06,142.0,154.0,112.0,148.26
2025-04-14 08:59:00,148.56,2381.0,191.4,1417.0,145.79,2269.0,227.48,1486.0,169.98,42.84,4650.0,2903.0,24.53,7553,1747.0,-21.0,0.21,143.33,152.0,100.0,148.04
2025-04-14 09:00:00,148.08,2945.0,185.49,1881.0,143.2,2612.0,266.02,2043.0,166.79,37.41,5557.0,3924.0,9.78,9481,1633.0,72.0,0.17,142.33,153.0,117.0,147.9
2025-04-14 09:01:00,147.81,2385.0,194.72,2322.0,144.94,3070.0,253.64,2072.0,171.26,46.9,5455.0,4394.0,11.84,9849,1061.0,42.5,0.07,145.0,154.0,115.0,147.98
2025-04-14 09:02:00,147.47,2580.0,212.76,1860.0,145.03,2455.0,263.46,1951.0,180.12,65.29,5035.0,3811.0,19.03,8846,1224.0,208.5,0.09,144.5,152.0,107.0,148.01
2025-04-14 09:03:00,148.28,3827.0,166.69,2261.0,146.11,4094.0,250.5,1965.0,157.49,18.41,7921.0,4226.0,9.16,12147,3695.0,57.5,0.22,143.0,153.0,82.0,148.5
2025-04-14 09:04:00,147.39,3623.0,153.88,1651.0,144.97,4883.0,248.08,1822.0,150.63,6.49,8506.0,3473.0,2.4,11979,5033.0,-140.5,0.36,144.0,152.0,86.0,147.22
2025-04-14 09:05:00,146.04,2932.0,198.96,1776.0,140.23,2760.0,310.2,1745.0,172.5,52.92,5692.0,3521.0,22.74,9213,2171.0,-2.0,0.21,140.0,151.0,110.0,147.0
2025-04-14 09:06:00,149.02,2733.0,204.34,1861.0,147.55,1948.0,241.43,1820.0,176.68,55.33,4681.0,3681.0,17.0,8362,1000.0,-65.0,0.06,144.0,153.0,113.0,149.34
2025-04-14 09:07:00,148.34,2304.0,188.18,1785.0,144.42,3013.0,259.42,1624.0,168.26,39.83,5317.0,3409.0,8.17,8726,1908.0,-48.0,0.15,143.67,153.0,107.0,148.29
2025-04-14 09:08:00,141.54,2114.0,177.29,1843.0,127.7,1887.0,238.6,1662.0,159.41,35.75,4001.0,3505.0,14.66,7506,496.0,54.5,0.04,137.0,150.5,107.0,144.42
2025-04-14 09:09:00,146.24,3379.0,230.64,1925.0,141.56,3439.0,302.02,2130.0,188.44,84.4,6818.0,4055.0,21.42,10873,2763.0,-40.5,0.21,140.0,151.0,107.0,147.15
2025-04-14 09:10:00,145.87,2015.0,204.86,1926.0,138.41,1638.0,269.73,1985.0,175.37,58.99,3653.0,3911.0,24.77,7564,-258.0,163.0,-0.06,140.0,152.0,93.0,147.2
2025-04-14 09:11:00,149.15,1717.0,213.77,1714.0,146.46,1691.0,288.21,1641.0,181.46,64.62,3408.0,3355.0,24.65,6763,53.0,11.5,-0.04,145.0,153.0,92.0,149.67
2025-04-14 09:12:00,150.11,2775.0,207.18,1936.0,148.11,2953.0,261.03,1657.0,178.64,57.07,5728.0,3593.0,16.71,9321,2135.0,100.0,0.23,148.0,153.0,78.0,150.44
2025-04-14 09:13:00,147.51,2025.0,208.48,1534.0,144.24,3084.0,272.0,1666.0,177.99,60.96,5109.0,3200.0,13.11,8309,1909.0,-191.0,0.19,140.88,151.0,101.0,147.84
2025-04-14 09:14:00,147.75,3965.0,210.58,1850.0,145.68,5938.0,319.58,1596.0,179.17,62.83,9903.0,3446.0,18.54,13349,6457.0,55.0,0.41,144.0,151.0,116.0,147.92
2025-04-14 09:15:00,145.87,2795.0,210.45,1587.0,141.77,3102.0,284.32,1789.0,178.16,64.57,5897.0,3376.0,15.61,9273,2521.0,104.5,0.2,135.0,151.33,95.0,145.91
2025-04-14 09:16:00,144.4,1713.0,188.89,1425.0,132.7,1289.0,287.56,1654.0,166.65,44.49,3002.0,3079.0,17.79,6081,-77.0,-305.5,-0.05,137.0,152.0,106.0,145.1
2025-04-14 09:17:00,146.69,3230.0,197.38,1545.0,141.23,3516.0,235.24,1497.0,172.04,50.68,6746.0,3042.0,21.43,9788,3704.0,-59.0,0.34,136.0,152.0,97.0,146.93
2025-04-14 09:18:00,145.57,3350.0,226.89,2405.0,139.68,2269.0,272.67,2408.0,186.23,81.31,5619.0,4813.0,18.77,10432,806.0,-123.0,0.02,140.0,151.0,107.0,146.68
2025-04-14 09:19:00,141.82,1979.0,193.79,1697.0,127.75,2085.0,255.37,1712.0,167.81,51.97,4064.0,3409.0,20.69,7473,655.0,-127.0,0.01,134.0,149.5,120.0,143.69
2025-04-14 09:20:00,140.66,1758.0,235.35,1493.0,126.67,1765.0,288.6,1529.0,188.01,94.7,3523.0,3022.0,17.51,6545,501.0,64.0,0.02,134.0,149.0,98.0,142.87
2025-04-14 09:21:00,142.62,2664.0,215.31,1442.0,134.76,2259.0,273.69,1567.0,178.97,72.69,4923.0,3009.0,24.35,7932,1914.0,-177.0,0.15,138.89,150.0,60.0,144.85
2025-04-14 09:22:00,144.84,2352.0,189.37,1487.0,135.33,2725.0,264.4,1639.0,167.1,44.52,5077.0,3126.0,16.66,8203,1951.0,-161.0,0.17,136.5,150.0,100.0,145.71
2025-04-14 09:23:00,145.95,2735.0,205.26,1885.0,142.01,2296.0,239.88,2078.0,175.61,59.31,5031.0,3963.0,14.95,8994,1068.0,-56.0,0.05,142.0,151.0,80.0,146.42
2025-04-14 09:24:00,145.86,2539.0,197.37,1636.0,142.56,2682.0,245.63,1838.0,171.62,51.51,5221.0,3474.0,12.38,8695,1747.0,-161.5,0.13,140.0,149.0,102.0,145.71
2025-04-14 09:25:00,146.47,2754.0,241.25,1702.0,144.95,2973.0,309.03,1625.0,193.86,94.78,5727.0,3327.0,26.92,9054,2400.0,79.0,0.2,141.33,151.0,90.0,146.69
2025-04-14 09:26:00,146.4,2708.0,205.74,1713.0,141.58,3186.0,237.67,1653.0,176.07,59.34,5894.0,3366.0,17.16,9260,2528.0,-266.0,0.23,140.0,151.0,97.0,145.8
2025-04-14 09:27:00,142.53,3196.0,179.87,1965.0,136.58,4252.0,228.13,2320.0,161.2,37.34,7448.0,4285.0,13.64,11733,3163.0,-234.0,0.16,135.12,149.0,138.0,143.86
2025-04-14 09:28:00,143.81,2572.0,227.47,1689.0,136.74,2974.0,306.92,1736.0,185.64,83.65,5546.0,3425.0,22.9,8971,2121.0,-21.0,0.15,137.73,149.0,99.0,144.61
2025-04-14 09:29:00,141.35,2225.0,172.38,1491.0,130.08,2361.0,218.48,1672.0,156.87,31.02,4586.0,3163.0,12.52,7749,1423.0,7.0,0.17,134.0,150.4,88.0,144.67
2025-04-14 09:30:00,146.62,2441.0,181.78,2174.0,144.64,2795.0,247.89,1918.0,164.2,35.15,5236.0,4092.0,9.8,9328,1144.0,24.0,0.07,142.0,151.4,108.0,146.56
2025-04-14 09:31:00,145.3,2181.0,213.72,1548.0,140.76,2198.0,275.73,1717.0,179.51,68.42,4379.0,3265.0,28.06,7644,1114.0,149.5,0.14,139.0,152.0,89.0,145.35
2025-04-14 09:32:00,146.58,3640.0,192.56,1673.0,144.03,3762.0,213.18,1806.0,169.57,45.98,7402.0,3479.0,14.55,10881,3923.0,-200.5,0.29,141.0,150.5,133.0,146.91
2025-04-14 09:33:00,146.59,2324.0,180.68,1353.0,144.59,2744.0,267.71,1526.0,163.63,34.09,5068.0,2879.0,11.36,7947,2189.0,42.5,0.24,142.5,152.0,107.0,146.92
2025-04-14 09:34:00,146.52,1900.0,200.14,1538.0,142.93,1744.0,310.41,1610.0,173.33,53.62,3644.0,3148.0,20.91,6792,496.0,20.0,0.02,142.0,152.0,75.0,146.98
2025-04-14 09:35:00,148.08,2614.0,196.75,2035.0,145.88,1709.0,255.49,2032.0,172.41,48.68,4323.0,4067.0,21.54,8390,256.0,48.5,-0.02,142.33,152.0,95.0,147.94
2025-04-14 09:36:00,147.14,3140.0,186.54,1729.0,144.42,3896.0,242.21,2068.0,166.84,39.4,7036.0,3797.0,15.49,10833,3239.0,-34.0,0.22,142.71,150.25,98.0,147.63
2025-04-14 09:37:00,141.87,1930.0,210.76,1631.0,129.1,1495.0,301.61,1757.0,176.31,68.89,3425.0,3388.0,20.68,6813,37.0,157.5,-0.04,137.0,150.0,113.0,144.14
2025-04-14 09:38:00,141.41,1692.0,195.27,1117.0,133.7,2268.0,246.8,1199.0,168.34,53.86,3960.0,2316.0,20.08,6276,1644.0,-16.5,0.14,132.0,150.0,73.0,142.69
2025-04-14 09:39:00,145.74,2518.0,211.1,1688.0,141.79,2388.0,285.71,1658.0,178.42,65.36,4906.0,3346.0,25.75,8252,1560.0,-18.5,0.14,140.0,150.0,123.0,145.68
2025-04-14 09:40:00,146.08,2552.0,174.91,1608.0,143.13,1956.0,238.42,1830.0,160.5,28.83,4508.0,3438.0,11.51,7946,1070.0,37.0,0.1,137.25,150.29,123.0,146.13
2025-04-14 09:41:00,145.08,2952.0,197.37,1874.0,139.43,4070.0,276.99,1748.0,171.23,52.28,7022.0,3622.0,13.28,10644,3400.0,-150.5,0.24,136.0,150.2,104.0,145.79
2025-04-14 09:42:00,148.31,3954.0,203.14,1531.0,144.09,3103.0,262.01,1694.0,175.72,54.83,7057.0,3225.0,15.6,10282,3832.0,124.0,0.28,142.57,152.0,98.0,147.81
2025-04-14 09:43:00,146.6,2628.0,170.66,1564.0,144.46,2667.0,247.29,2014.0,158.63,24.06,5295.0,3578.0,7.75,8873,1717.0,-36.0,0.11,142.0,152.0,110.0,146.86
2025-04-14 09:44:00,147.6,4709.0,203.95,1713.0,144.83,1454.0,291.97,1813.0,175.77,56.35,6163.0,3526.0,21.01,9689,2637.0,-70.5,0.22,137.0,152.0,98.0,147.74
2025-04-14 09:45:00,145.17,2252.0,206.86,1418.0,141.85,2077.0,320.08,1573.0,176.02,61.69,4329.0,2991.0,26.46,7320,1338.0,-167.0,0.13,134.0,152.0,94.0,146.47
2025-04-14 09:46:00,146.73,2628.0,190.47,1359.0,144.38,2504.0,257.42,1891.0,168.6,43.74,5132.0,3250.0,20.66,8382,1882.0,-76.0,0.11,143.0,152.0,92.0,146.87
2025-04-14 09:47:00,146.39,1998.0,172.43,1665.0,142.22,2181.0,246.08,1689.0,159.41,26.03,4179.0,3354.0,8.57,7533,825.0,97.0,0.07,137.0,152.0,93.0,147.67
2025-04-14 09:48:00,146.24,2743.0,211.78,1468.0,142.67,2704.0,298.01,1573.0,179.01,65.55,5447.0,3041.0,22.27,8488,2406.0,-155.0,0.21,137.67,152.0,91.0,147.83
2025-04-14 09:49:00,146.97,2287.0,184.19,2259.0,144.5,3328.0,208.44,2241.0,165.58,37.22,5615.0,4500.0,9.96,10115,1115.0,-128.0,0.03,141.0,152.0,115.0,147.0
2025-04-14 09:50:00,141.74,1867.0,170.9,1249.0,129.22,2106.0,246.46,1577.0,156.32,29.15,3973.0,2826.0,7.41,6799,1147.0,-198.5,0.11,135.0,151.0,101.0,144.76
2025-04-14 09:51:00,147.42,3323.0,201.63,2344.0,145.19,3218.0,250.27,2359.0,174.53,54.21,6541.0,4703.0,17.0,11244,1838.0,94.0,0.13,144.6,152.0,113.0,148.18
2025-04-14 09:52:00,147.22,2711.0,177.98,1847.0,143.0,2458.0,264.82,1466.0,162.6,30.76,5169.0,3313.0,17.02,8482,1856.0,-139.5,0.15,142.0,153.0,111.0,147.92
2025-04-14 09:53:00,147.82,2139.0,227.84,1744.0,145.41,2551.0,363.27,1733.0,187.83,80.02,4690.0,3477.0,22.33,8167,1213.0,-18.0,0.11,144.0,153.0,111.0,147.97
2025-04-14 09:54:00,142.3,1937.0,197.57,1460.0,128.61,3328.0,280.66,1282.0,169.93,55.27,5265.0,2742.0,22.13,8007,2523.0,134.5,0.24,137.4,151.0,108.0,145.94
2025-04-14 09:55:00,147.08,4453.0,201.36,2030.0,145.2,6878.0,243.38,2247.0,174.22,54.28,11331.0,4277.0,17.74,15608,7054.0,-46.0,0.39,144.0,152.0,96.0,147.38
2025-04-14 09:56:00,146.02,2917.0,203.27,2367.0,139.91,2231.0,256.17,2350.0,174.64,57.25,5148.0,4717.0,16.56,9865,431.0,-157.0,-0.01,141.0,151.0,116.0,146.05
2025-04-14 09:57:00,147.31,3166.0,207.56,1639.0,144.52,4427.0,292.72,1525.0,177.43,60.25,7593.0,3164.0,19.73,10757,4429.0,-17.5,0.38,142.0,152.0,115.0,146.78
2025-04-14 09:58:00,139.54,1937.0,219.99,1208.0,127.95,1609.0,266.49,1134.0,179.77,80.44,3546.0,2342.0,22.46,5888,1204.0,5.5,0.12,134.67,152.0,110.0,143.39
2025-04-14 09:59:00,146.94,3456.0,237.16,1913.0,144.8,2724.0,264.64,1914.0,192.05,90.22,6180.0,3827.0,17.96,10007,2353.0,117.0,0.15,138.73,150.8,118.0,146.06
2025-04-14 10:00:00,148.01,3658.0,183.36,1756.0,146.15,4439.0,225.88,1925.0,165.68,35.36,8097.0,3681.0,11.57,11778,4416.0,-158.5,0.34,142.0,150.8,103.0,147.51
2025-04-14 10:01:00,141.82,1983.0,195.89,1772.0,133.82,2423.0,262.2,1838.0,168.85,54.07,4406.0,3610.0,17.15,8016,796.0,-20.0,0.05,132.0,150.5,116.0,143.7
2025-04-14 10:02:00,146.42,2186.0,205.94,2065.0,143.97,2331.0,272.2,2147.0,176.18,59.52,4517.0,4212.0,22.86,8729,305.0,215.0,0.01,138.8,152.0,95.0,146.44
2025-04-14 10:03:00,148.8,5556.0,188.49,1924.0,146.63,2612.0,247.51,1887.0,168.65,39.69,8168.0,3811.0,9.48,11979,4357.0,-190.0,0.25,140.0,152.0,108.0,148.34
2025-04-14 10:04:00,144.02,2878.0,212.2,1817.0,137.85,2752.0,255.68,2084.0,178.11,68.18,5630.0,3901.0,17.37,9531,1729.0,39.0,0.1,135.0,150.25,96.0,146.3
2025-04-14 10:05:00,146.41,2184.0,213.22,1768.0,143.17,2308.0,280.04,1988.0,179.82,66.81,4492.0,3756.0,26.53,8248,736.0,145.0,0.03,141.5,150.0,112.0,146.59
2025-04-14 10:06:00,145.21,2369.0,196.14,1829.0,142.5,3726.0,237.77,1778.0,170.68,50.93,6095.0,3607.0,18.72,9702,2488.0,93.0,0.19,140.4,150.0,103.0,145.41
2025-04-14 10:07:00,147.21,3255.0,174.88,2005.0,144.24,3736.0,203.18,2044.0,161.04,27.67,6991.0,4049.0,9.53,11040,2942.0,-201.0,0.19,142.71,150.0,98.0,147.34
2025-04-14 10:08:00,146.7,2425.0,199.48,2060.0,144.51,3587.0,279.7,1768.0,173.09,52.77,6012.0,3828.0,14.11,9840,2184.0,98.0,0.11,141.2,152.0,145.0,146.47
2025-04-14 10:09:00,144.17,2639.0,188.88,1632.0,139.22,2782.0,261.62,1573.0,166.53,44.71,5421.0,3205.0,21.39,8626,2216.0,-354.5,0.15,138.5,152.0,128.0,145.71
2025-04-14 10:10:00,146.57,2566.0,188.9,1640.0,144.1,2342.0,255.8,1694.0,167.73,42.33,4908.0,3334.0,10.33,8242,1574.0,55.5,0.15,142.0,151.0,94.0,147.16
2025-04-14 10:11:00,144.36,2154.0,209.25,1664.0,134.97,2304.0,262.42,1735.0,176.81,64.89,4458.0,3399.0,21.67,7857,1059.0,-179.0,0.11,140.0,149.75,105.0,144.65
2025-04-14 10:12:00,145.81,3121.0,192.39,2018.0,143.63,2154.0,270.27,1863.0,169.1,46.58,5275.0,3881.0,12.37,9156,1394.0,177.0,0.09,142.0,151.0,116.0,146.19
2025-04-14 10:13:00,144.79,3043.0,204.94,1297.0,142.34,3064.0,266.24,1471.0,174.87,60.14,6107.0,2768.0,18.98,8875,3339.0,-121.5,0.32,141.0,151.0,120.0,145.28
2025-04-14 10:14:00,146.41,1857.0,199.93,1383.0,144.36,3056.0,290.97,1314.0,173.17,53.53,4913.0,2697.0,24.53,7610,2216.0,76.0,0.25,142.0,149.5,76.0,146.33
2025-04-14 10:15:00,145.85,4116.0,198.47,1990.0,143.57,2932.0,267.22,2037.0,172.16,52.62,7048.0,4027.0,13.07,11075,3021.0,-159.5,0.25,142.0,151.0,102.0,146.55
2025-04-14 10:16:00,145.26,2092.0,231.94,1645.0,142.79,2472.0,315.0,1676.0,188.6,86.68,4564.0,3321.0,39.17,7885,1243.0,-179.0,0.12,141.17,151.0,114.0,145.95
2025-04-14 10:17:00,146.9,3324.0,185.66,1804.0,145.28,3154.0,272.34,2011.0,166.28,38.76,6478.0,3815.0,10.54,10293,2663.0,137.5,0.11,143.0,152.0,107.0,147.41
2025-04-14 10:18:00,146.23,2040.0,213.91,1679.0,141.97,2458.0,291.66,1816.0,180.07,67.68,4498.0,3495.0,21.98,7993,1003.0,-107.5,0.09,141.5,152.0,111.0,145.95
2025-04-14 10:19:00,144.58,3669.0,195.8,1772.0,139.84,3281.0,277.8,1555.0,170.19,51.22,6950.0,3327.0,16.43,10277,3623.0,-28.0,0.24,135.0,149.0,100.0,145.06
2025-04-14 10:20:00,146.2,2658.0,202.26,1475.0,142.27,2526.0,252.61,1711.0,174.23,56.06,5184.0,3186.0,17.12,8370,1998.0,-58.5,0.2,140.0,151.0,114.0,146.44
2025-04-14 10:21:00,146.23,1981.0,210.54,1879.0,142.97,2446.0,304.02,1862.0,178.39,64.31,4427.0,3741.0,18.04,8168,686.0,52.0,0.06,139.83,151.0,118.0,146.02
2025-04-14 10:22:00,146.56,3030.0,223.17,1721.0,143.94,2521.0,296.91,1424.0,184.86,76.61,5551.0,3145.0,22.97,8696,2406.0,157.5,0.24,142.0,151.0,96.0,146.86
2025-04-14 10:23:00,145.99,3035.0,213.96,1744.0,143.24,3506.0,249.29,1487.0,179.98,67.97,6541.0,3231.0,17.99,9772,3310.0,-15.0,0.27,141.0,151.0,120.0,145.86
2025-04-14 10:24:00,147.76,5404.0,203.03,1708.0,145.36,6483.0,234.93,1747.0,175.39,55.28,11887.0,3455.0,17.82,15342,8432.0,131.5,0.46,139.0,151.0,105.0,148.0
2025-04-14 10:25:00,145.94,3957.0,219.9,1781.0,143.75,3360.0,276.07,1898.0,182.92,73.96,7317.0,3679.0,21.58,10996,3638.0,-158.5,0.26,142.0,149.25,108.0,146.38
2025-04-14 10:26:00,146.14,3744.0,196.46,1465.0,144.29,4524.0,269.74,1897.0,171.3,50.32,8268.0,3362.0,10.95,11630,4906.0,33.0,0.35,141.0,148.75,82.0,145.89
2025-04-14 10:27:00,143.51,2243.0,176.7,1897.0,136.32,2712.0,228.42,1917.0,160.1,33.19,4955.0,3814.0,15.34,8769,1141.0,90.0,0.05,138.0,151.0,81.0,144.86
2025-04-14 10:28:00,139.29,2002.0,180.86,897.0,125.69,2266.0,246.58,1154.0,160.08,41.56,4268.0,2051.0,11.41,6319,2217.0,-266.5,0.31,135.0,149.0,88.0,141.38
2025-04-14 10:29:00,142.31,1374.0,214.8,1434.0,133.5,1948.0,280.1,1570.0,178.56,72.49,3322.0,3004.0,31.83,6326,318.0,-111.0,0.03,135.0,149.67,83.0,144.18
2025-04-14 10:30:00,144.77,1707.0,225.93,1625.0,139.03,1783.0,297.22,1783.0,185.35,81.16,3490.0,3408.0,28.59,6898,82.0,-143.5,-0.03,139.83,151.0,104.0,145.51
2025-04-14 10:31:00,145.0,2558.0,208.15,1376.0,142.97,2543.0,260.41,1445.0,176.57,63.15,5101.0,2821.0,22.25,7922,2280.0,209.0,0.22,142.0,150.0,90.0,145.8
2025-04-14 10:32:00,145.83,2674.0,198.9,1724.0,142.01,2904.0,271.94,1747.0,172.37,53.07,5578.0,3471.0,21.02,9049,2107.0,39.0,0.18,134.57,151.0,108.0,145.07
2025-04-14 10:33:00,142.05,1902.0,187.03,1958.0,131.88,2485.0,245.4,2059.0,164.54,44.98,4387.0,4017.0,19.25,8404,370.0,9.0,-0.01,137.33,149.0,104.0,144.65
2025-04-14 10:34:00,144.07,2799.0,252.84,1813.0,141.34,1933.0,322.13,1993.0,198.45,108.77,4732.0,3806.0,26.68,8538,926.0,-121.0,0.05,136.0,149.0,96.0,144.78
2025-04-14 10:35:00,143.11,2036.0,205.74,1456.0,136.21,2047.0,256.9,1545.0,174.42,62.63,4083.0,3001.0,20.1,7084,1082.0,-107.0,0.1,139.0,151.0,98.0,144.14
2025-04-14 10:36:00,145.55,2417.0,211.79,1153.0,141.79,2112.0,293.05,1426.0,178.67,66.24,4529.0,2579.0,27.61,7108,1950.0,-204.0,0.23,138.5,151.0,109.0,145.59
2025-04-14 10:37:00,142.91,3672.0,191.25,1699.0,136.66,2437.0,268.46,1539.0,167.08,48.34,6109.0,3238.0,11.1,9347,2871.0,96.0,0.2,134.0,148.8,141.0,142.9
2025-04-14 10:38:00,146.62,3054.0,189.64,1528.0,144.44,2993.0,272.05,1711.0,168.13,43.03,6047.0,3239.0,11.84,9286,2808.0,-96.0,0.24,140.0,150.0,78.0,146.29
2025-04-14 10:39:00,144.15,1917.0,179.01,1836.0,141.07,2184.0,242.81,1909.0,161.58,34.87,4101.0,3745.0,12.64,7846,356.0,111.0,0.03,139.0,149.0,99.0,144.43
2025-04-14 10:40:00,144.88,3010.0,176.91,1778.0,140.78,3025.0,226.52,1938.0,160.89,32.03,6035.0,3716.0,8.96,9751,2319.0,-15.5,0.2,140.0,150.0,109.0,144.66
2025-04-14 10:41:00,143.53,2298.0,199.82,1784.0,141.55,2716.0,312.9,1718.0,171.67,56.29,5014.0,3502.0,21.77,8516,1512.0,-42.0,0.12,140.5,148.14,115.0,144.01
2025-04-14 10:42:00,142.78,2233.0,197.45,2260.0,137.29,2377.0,224.58,2066.0,170.12,54.67,4610.0,4326.0,14.37,8936,284.0,-49.5,0.02,134.71,149.0,118.0,142.75
2025-04-14 10:43:00,140.17,1962.0,207.86,1460.0,130.02,1963.0,316.03,1365.0,174.02,67.69,3925.0,2825.0,27.2,6750,1100.0,151.0,0.12,134.88,150.0,109.0,142.36
2025-04-14 10:44:00,141.82,2112.0,188.68,1559.0,135.53,2609.0,239.5,1711.0,165.25,46.86,4721.0,3270.0,15.52,7991,1451.0,-231.0,0.15,133.2,150.0,85.0,142.72
2025-04-14 10:45:00,145.42,2838.0,183.21,1871.0,141.17,2040.0,226.33,2044.0,164.31,37.79,4878.0,3915.0,15.84,8793,963.0,-161.0,0.05,140.0,150.0,101.0,144.88
2025-04-14 10:46:00,144.93,4364.0,171.01,1494.0,142.89,3359.0,262.76,1587.0,157.97,26.07,7723.0,3081.0,7.11,10804,4642.0,113.0,0.38,141.0,148.0,109.0,145.14
2025-04-14 10:47:00,141.53,2274.0,190.71,1274.0,138.48,2332.0,243.07,1329.0,166.12,49.18,4606.0,2603.0,28.02,7209,2003.0,-153.5,0.17,138.0,148.5,68.0,143.26
2025-04-14 10:48:00,143.83,3793.0,194.11,2016.0,142.01,3137.0,263.12,1778.0,168.97,50.28,6930.0,3794.0,10.0,10724,3136.0,-69.5,0.22,141.0,149.0,115.0,144.59
2025-04-14 10:49:00,145.75,3651.0,216.8,1886.0,143.82,3531.0,277.02,1889.0,181.27,71.06,7182.0,3775.0,24.17,10957,3407.0,93.0,0.23,140.11,150.0,110.0,146.14
2025-04-14 10:50:00,143.29,3242.0,189.87,1836.0,139.58,3925.0,299.09,1957.0,166.58,46.58,7167.0,3793.0,15.41,10960,3374.0,-252.5,0.22,135.0,149.5,108.0,143.89
2025-04-14 10:51:00,145.21,4366.0,175.34,2066.0,143.02,4467.0,220.83,2171.0,160.27,30.13,8833.0,4237.0,10.54,13070,4596.0,311.0,0.3,138.0,149.0,94.0,144.89
2025-04-14 10:52:00,144.76,3095.0,212.71,2027.0,142.73,3763.0,289.61,2311.0,178.73,67.95,6858.0,4338.0,15.51,11196,2520.0,-50.0,0.17,140.0,148.0,100.0,144.78
2025-04-14 10:53:00,143.4,2513.0,196.77,1576.0,137.69,2004.0,234.41,1611.0,170.08,53.37,4517.0,3187.0,17.41,7704,1330.0,-270.0,0.12,131.8,150.0,68.0,144.29
2025-04-14 10:54:00,144.03,2771.0,211.59,1696.0,141.38,2450.0,258.18,1606.0,177.81,67.57,5221.0,3302.0,11.42,8523,1919.0,-122.0,0.17,140.0,148.4,108.0,144.49
2025-04-14 10:55:00,143.24,2537.0,198.46,2123.0,138.63,2541.0,262.9,1942.0,170.85,55.22,5078.0,4065.0,13.49,9143,1013.0,111.0,0.06,140.0,148.0,107.0,144.27
2025-04-14 10:56:00,143.65,1923.0,210.25,1785.0,136.86,2115.0,263.98,1743.0,176.95,66.59,4038.0,3528.0,24.8,7566,510.0,-47.5,0.07,135.0,150.0,105.0,143.95
2025-04-14 10:57:00,145.27,2968.0,205.32,1955.0,143.13,3656.0,301.6,1798.0,175.29,60.05,6624.0,3753.0,22.93,10377,2871.0,449.5,0.24,141.0,150.0,108.0,145.69
2025-04-14 10:58:00,142.78,2527.0,178.39,2593.0,139.46,2405.0,214.98,2554.0,160.58,35.61,4932.0,5147.0,9.01,10079,-215.0,-207.5,-0.06,133.0,149.0,111.0,143.81
2025-04-14 10:59:00,145.44,2443.0,221.03,1485.0,139.03,3658.0,275.36,1403.0,183.24,75.59,6101.0,2888.0,13.24,8989,3213.0,107.0,0.24,136.75,150.0,96.0,145.36
2025-04-14 11:00:00,144.38,3742.0,203.81,2016.0,140.03,2589.0,236.78,1952.0,174.1,59.43,6331.0,3968.0,16.91,10299,2363.0,-273.5,0.13,137.5,150.0,114.0,144.25
2025-04-14 11:01:00,145.12,2910.0,193.76,1833.0,142.9,2332.0,252.19,1910.0,169.44,48.64,5242.0,3743.0,20.6,8985,1499.0,87.5,0.12,140.0,150.0,98.0,145.34
2025-04-14 11:02:00,140.4,3073.0,205.87,1323.0,135.0,2950.0,274.95,1473.0,173.14,65.47,6023.0,2796.0,19.64,8819,3227.0,92.5,0.32,134.0,150.0,102.0,142.16
2025-04-14 11:03:00,143.13,1912.0,183.25,1447.0,135.72,1920.0,247.4,1200.0,163.19,40.12,3832.0,2647.0,17.43,6479,1185.0,-69.5,0.12,138.43,148.0,103.0,143.99
2025-04-14 11:04:00,144.01,3133.0,201.9,1962.0,141.87,3800.0,275.0,1998.0,172.96,57.89,6933.0,3960.0,19.24,10893,2973.0,-19.5,0.21,138.6,148.0,111.0,143.51
2025-04-14 11:05:00,143.64,3607.0,175.59,1832.0,140.39,2804.0,215.28,1869.0,159.62,31.95,6411.0,3701.0,12.3,10112,2710.0,196.0,0.22,136.0,149.0,113.0,143.78
2025-04-14 11:06:00,144.8,2701.0,202.46,1564.0,140.09,3077.0,268.38,1627.0,173.63,57.66,5778.0,3191.0,23.87,8969,2587.0,-309.5,0.22,137.0,149.0,124.0,144.24
2025-04-14 11:07:00,141.93,3694.0,172.05,2073.0,139.7,2813.0,213.72,2064.0,156.99,30.12,6507.0,4137.0,7.03,10644,2370.0,132.5,0.14,138.0,147.0,106.0,142.2
2025-04-14 11:08:00,144.66,3078.0,174.28,2466.0,140.43,2113.0,231.12,2207.0,159.47,29.62,5191.0,4673.0,11.8,9864,518.0,7.0,0.01,138.0,149.0,112.0,144.36
2025-04-14 11:09:00,144.41,2725.0,214.97,2048.0,141.91,2511.0,310.79,2318.0,179.69,70.56,5236.0,4366.0,15.85,9602,870.0,-296.0,0.04,136.6,149.0,109.0,144.49
2025-04-14 11:10:00,145.14,4074.0,182.74,1975.0,143.15,2614.0,219.02,1959.0,163.94,37.6,6688.0,3934.0,12.68,10622,2754.0,10.0,0.19,140.0,149.0,95.0,145.03
2025-04-14 11:11:00,144.88,3022.0,188.88,2273.0,141.97,2754.0,252.77,2126.0,166.88,44.0,5776.0,4399.0,14.78,10175,1377.0,19.5,0.07,137.17,149.0,110.0,145.15
2025-04-14 11:12:00,144.24,2467.0,182.25,2193.0,142.19,2538.0,242.09,1959.0,163.24,38.01,5005.0,4152.0,14.1,9157,853.0,12.5,0.06,140.0,149.0,90.0,144.5
2025-04-14 11:13:00,141.97,2532.0,175.62,2004.0,135.09,2853.0,267.1,1745.0,158.79,33.65,5385.0,3749.0,13.65,9134,1636.0,-37.0,0.15,132.67,148.0,120.0,142.88
2025-04-14 11:14:00,141.33,2054.0,194.53,2028.0,133.49,2146.0,271.9,2137.0,167.93,53.21,4200.0,4165.0,19.85,8365,35.0,121.5,-0.03,136.0,147.0,123.0,142.84
2025-04-14 11:15:00,143.22,2628.0,205.77,1700.0,139.12,2357.0,258.76,1802.0,174.5,62.55,4985.0,3502.0,18.16,8487,1483.0,-354.0,0.15,135.5,149.0,108.0,143.42
2025-04-14 11:16:00,142.78,2626.0,170.11,1452.0,138.34,3005.0,222.29,1665.0,156.44,27.33,5631.0,3117.0,11.81,8748,2514.0,218.5,0.23,138.0,147.0,98.0,142.54
2025-04-14 11:17:00,142.8,2839.0,217.94,1215.0,136.56,2580.0,283.23,1105.0,180.37,75.14,5419.0,2320.0,23.08,7739,3099.0,-33.5,0.31,138.0,148.0,95.0,144.0
2025-04-14 11:18:00,144.15,1962.0,212.61,1084.0,141.88,1711.0,277.84,1135.0,178.38,68.46,3673.0,2219.0,23.44,5892,1454.0,84.0,0.21,138.67,148.0,94.0,144.39
2025-04-14 11:19:00,142.79,3242.0,193.82,1869.0,137.43,2964.0,248.34,1749.0,168.3,51.03,6206.0,3618.0,13.03,9824,2588.0,-17.5,0.2,136.0,148.0,108.0,143.4
2025-04-14 11:20:00,143.34,2822.0,195.16,2061.0,141.06,3502.0,256.65,1916.0,169.25,51.82,6324.0,3977.0,18.21,10301,2347.0,252.5,0.17,138.11,146.0,110.0,143.52
2025-04-14 11:21:00,143.84,2565.0,201.7,1795.0,141.66,2881.0,237.22,1650.0,172.77,57.87,5446.0,3445.0,11.14,8891,2001.0,-93.5,0.19,139.0,147.5,109.0,143.89
2025-04-14 11:22:00,141.86,2914.0,171.86,1890.0,130.65,2219.0,221.35,1781.0,156.86,30.0,5133.0,3671.0,16.29,8804,1462.0,-86.0,0.13,136.0,148.0,105.0,142.83
2025-04-14 11:23:00,142.31,2055.0,193.6,1604.0,137.03,2808.0,253.93,1632.0,167.95,51.29,4863.0,3236.0,12.9,8099,1627.0,98.5,0.18,132.0,148.0,100.0,141.98
2025-04-14 11:24:00,140.17,1781.0,189.66,1429.0,132.91,2002.0,242.37,1202.0,164.91,49.49,3783.0,2631.0,13.96,6414,1152.0,-142.0,0.14,131.0,147.0,75.0,141.47
2025-04-14 11:25:00,141.85,1907.0,208.15,1529.0,132.29,2282.0,265.74,1484.0,175.0,66.3,4189.0,3013.0,17.25,7202,1176.0,220.0,0.15,134.0,148.0,77.0,142.18
2025-04-14 11:26:00,142.95,2644.0,211.89,2190.0,139.76,2216.0,265.24,2182.0,177.42,68.94,4860.0,4372.0,20.32,9232,488.0,187.0,0.01,137.0,148.0,95.0,142.57
2025-04-14 11:27:00,144.04,3660.0,193.23,1925.0,142.26,3346.0,242.1,1980.0,168.63,49.19,7006.0,3905.0,17.75,10911,3101.0,-46.5,0.22,139.0,147.0,120.0,143.72
2025-04-14 11:28:00,142.19,2424.0,186.28,1217.0,139.11,3531.0,315.51,1681.0,164.23,44.09,5955.0,2898.0,13.32,8853,3057.0,95.0,0.31,137.67,146.5,106.0,142.58
2025-04-14 11:29:00,143.52,2669.0,216.05,1496.0,141.11,2842.0,279.43,1720.0,179.78,72.53,5511.0,3216.0,20.17,8727,2295.0,-59.5,0.21,139.0,147.57,105.0,143.62
2025-04-14 11:30:00,142.5,2934.0,203.09,1513.0,136.46,3173.0,272.97,1833.0,172.79,60.59,6107.0,3346.0,29.54,9453,2761.0,-51.0,0.19,135.8,148.0,105.0,143.18
2025-04-14 11:31:00,143.46,2661.0,203.13,1904.0,141.44,1856.0,245.86,1750.0,173.3,59.67,4517.0,3654.0,16.56,8171,863.0,-216.5,0.07,139.0,148.0,107.0,142.58
2025-04-14 11:32:00,143.17,2459.0,171.81,2017.0,141.03,3313.0,247.28,2339.0,157.49,28.64,5772.0,4356.0,16.02,10128,1416.0,-107.0,0.09,138.33,148.0,118.0,143.44
2025-04-14 11:33:00,142.21,2746.0,221.95,1764.0,139.47,3088.0,281.54,1948.0,182.08,79.74,5834.0,3712.0,20.6,9546,2122.0,-6.0,0.14,138.5,147.0,95.0,142.87
2025-04-14 11:34:00,143.35,2870.0,223.96,2279.0,140.12,3216.0,283.13,2019.0,183.66,80.6,6086.0,4298.0,17.22,10384,1788.0,-38.0,0.08,134.33,148.0,111.0,143.3
2025-04-14 11:35:00,142.53,3247.0,193.92,1959.0,139.94,3515.0,251.28,1685.0,168.23,51.39,6762.0,3644.0,14.57,10406,3118.0,65.5,0.23,139.0,148.0,110.0,142.73
2025-04-14 11:36:00,139.87,2034.0,179.65,1604.0,134.76,1399.0,261.58,1595.0,159.76,39.78,3433.0,3199.0,13.29,6632,234.0,-35.0,-0.0,132.0,148.0,106.0,140.74
2025-04-14 11:37:00,141.5,3203.0,172.98,1950.0,133.76,2567.0,223.25,2042.0,157.24,31.49,5770.0,3992.0,9.85,9762,1778.0,43.0,0.12,135.0,148.0,100.0,142.12
2025-04-14 11:38:00,140.75,2729.0,176.38,1983.0,137.31,2940.0,250.0,1713.0,158.57,35.63,5669.0,3696.0,13.58,9365,1973.0,4.5,0.14,135.0,146.25,137.0,140.81
2025-04-14 11:39:00,139.68,2009.0,188.24,1852.0,136.27,3547.0,263.79,1931.0,163.96,48.57,5556.0,3783.0,17.69,9339,1773.0,-165.5,0.12,135.31,146.0,108.0,140.32
2025-04-14 11:40:00,142.89,3444.0,206.36,1778.0,141.44,4124.0,304.56,1724.0,174.63,63.47,7568.0,3502.0,25.38,11070,4066.0,-73.0,0.28,135.31,147.0,115.0,142.81
2025-04-14 11:41:00,141.93,2934.0,189.99,1728.0,139.7,2700.0,245.65,1955.0,165.96,48.06,5634.0,3683.0,17.01,9317,1951.0,-7.0,0.18,137.2,147.0,110.0,142.59
2025-04-14 11:42:00,143.0,2894.0,171.41,1345.0,140.2,2735.0,227.15,1411.0,157.2,28.41,5629.0,2756.0,10.88,8385,2873.0,0.5,0.32,137.4,147.0,111.0,142.22
2025-04-14 11:43:00,141.62,2095.0,210.87,1528.0,138.01,2634.0,268.19,1595.0,176.24,69.25,4729.0,3123.0,25.26,7852,1606.0,75.5,0.15,136.5,147.0,105.0,141.99
2025-04-14 11:44:00,142.66,3596.0,184.9,2017.0,138.83,2641.0,237.81,2049.0,163.78,42.24,6237.0,4066.0,18.97,10303,2171.0,45.0,0.15,136.0,147.0,118.0,143.33
2025-04-14 11:45:00,142.63,3821.0,185.27,1538.0,140.51,3519.0,216.88,1577.0,163.95,42.64,7340.0,3115.0,11.27,10455,4225.0,34.5,0.33,137.88,147.0,106.0,142.22
2025-04-14 11:46:00,142.57,3494.0,184.92,2090.0,140.53,4103.0,247.18,1988.0,163.74,42.35,7597.0,4078.0,10.1,11675,3519.0,-120.5,0.26,137.67,147.0,93.0,143.18
2025-04-14 11:47:00,142.84,1987.0,236.57,1887.0,140.31,3078.0,326.54,1920.0,189.7,93.73,5065.0,3807.0,24.94,8872,1258.0,8.5,0.11,138.5,147.0,114.0,142.91
2025-04-14 11:48:00,142.58,2664.0,215.95,1481.0,139.8,3124.0,300.18,1551.0,179.27,73.37,5788.0,3032.0,23.17,8820,2756.0,31.0,0.25,136.5,147.0,100.0,142.94
2025-04-14 11:49:00,141.24,2630.0,215.49,1511.0,139.24,2518.0,291.35,1775.0,178.36,74.25,5148.0,3286.0,23.78,8434,1862.0,-53.0,0.2,137.8,147.0,106.0,142.25
2025-04-14 11:50:00,140.73,2895.0,193.04,1945.0,133.91,3009.0,252.89,1601.0,166.88,52.31,5904.0,3546.0,18.24,9450,2358.0,233.5,0.2,133.33,147.0,104.0,141.41
2025-04-14 11:51:00,139.15,1407.0,153.31,1335.0,133.27,2075.0,212.98,1194.0,146.23,14.16,3482.0,2529.0,8.13,6011,953.0,-266.5,0.03,135.0,147.0,69.0,139.83
2025-04-14 11:52:00,143.04,3402.0,156.52,2477.0,140.6,3871.0,176.53,1813.0,149.78,13.48,7273.0,4290.0,5.4,11563,2983.0,190.0,0.24,136.0,146.4,83.0,143.35
2025-04-14 11:53:00,141.3,2834.0,144.85,2261.0,139.56,2733.0,155.13,1810.0,143.07,3.55,5567.0,4071.0,0.78,9638,1496.0,-10.5,0.03,138.29,146.0,86.0,142.3
2025-04-14 11:54:00,140.46,2011.0,182.77,1873.0,137.65,2893.0,239.08,2002.0,161.62,42.31,4904.0,3875.0,13.25,8779,1029.0,86.0,0.09,136.0,147.0,92.0,141.29
2025-04-14 11:55:00,135.03,1630.0,177.78,1740.0,125.44,1869.0,242.58,1594.0,156.4,42.75,3499.0,3334.0,15.46,6833,165.0,-104.0,0.03,129.33,146.0,87.0,138.3
2025-04-14 11:56:00,139.55,2246.0,207.18,1458.0,133.76,2014.0,272.02,1525.0,173.36,67.63,4260.0,2983.0,21.1,7243,1277.0,7.0,0.18,134.0,147.0,96.0,140.6
2025-04-14 11:57:00,140.98,3040.0,174.3,1847.0,134.38,2620.0,247.26,1909.0,157.64,33.32,5660.0,3756.0,10.74,9416,1904.0,-23.0,0.14,137.0,146.4,95.0,141.64
2025-04-14 11:58:00,143.73,1954.0,221.9,1552.0,142.0,2497.0,282.04,1568.0,182.81,78.17,4451.0,3120.0,32.76,7571,1331.0,-214.5,0.09,138.4,148.0,104.0,142.98
2025-04-14 11:59:00,141.49,2315.0,204.86,1681.0,136.91,2732.0,298.51,1637.0,173.18,63.37,5047.0,3318.0,24.46,8365,1729.0,-140.0,0.16,137.6,146.0,103.0,141.42
2025-04-14 12:00:00,141.45,2248.0,187.85,2249.0,137.05,2338.0,250.36,2006.0,164.65,46.39,4586.0,4255.0,26.33,8841,331.0,-120.0,-0.02,136.33,148.0,89.0,142.57
2025-04-14 12:01:00,142.85,2064.0,199.32,1776.0,140.31,1811.0,288.85,1663.0,171.08,56.48,3875.0,3439.0,27.32,7314,436.0,40.0,0.03,136.8,148.0,105.0,143.27
2025-04-14 12:02:00,144.23,4243.0,196.76,1954.0,141.24,3745.0,248.67,2248.0,170.5,52.54,7988.0,4202.0,14.0,12190,3786.0,297.0,0.22,136.8,146.0,71.0,144.45
2025-04-14 12:03:00,142.27,5052.0,194.36,2541.0,138.37,4129.0,270.24,2673.0,168.32,52.1,9181.0,5214.0,22.35,14395,3967.0,-65.5,0.15,137.8,146.0,127.0,142.64
2025-04-14 12:04:00,140.64,1949.0,235.52,1554.0,134.37,2447.0,298.09,1480.0,188.08,94.88,4396.0,3034.0,24.18,7430,1362.0,116.5,0.17,133.43,148.0,93.0,141.19
2025-04-14 12:05:00,138.69,1940.0,179.4,1825.0,127.91,2076.0,201.67,1856.0,159.04,40.71,4016.0,3681.0,10.95,7697,335.0,1.0,0.01,129.0,147.0,110.0,140.46
2025-04-14 12:06:00,143.43,3526.0,184.66,2096.0,141.21,3076.0,234.09,1966.0,164.05,41.23,6602.0,4062.0,15.83,10664,2540.0,26.5,0.17,138.0,147.43,97.0,143.25
2025-04-14 12:07:00,142.73,2118.0,197.7,1739.0,139.61,3533.0,277.3,1592.0,170.22,54.97,5651.0,3331.0,21.95,8982,2320.0,-238.0,0.24,136.29,147.0,111.0,142.61
2025-04-14 12:08:00,143.2,3320.0,211.11,1782.0,140.3,5329.0,269.83,1712.0,177.16,67.9,8649.0,3494.0,18.81,12143,5155.0,111.5,0.34,137.0,148.0,117.0,143.05
2025-04-14 12:09:00,144.46,4440.0,194.6,1811.0,142.19,2736.0,268.58,2034.0,169.53,50.14,7176.0,3845.0,19.55,11021,3331.0,7.5,0.21,139.0,148.0,117.0,143.8
2025-04-14 12:10:00,141.86,1563.0,175.18,1501.0,134.32,1896.0,225.83,1543.0,158.52,33.32,3459.0,3044.0,9.28,6503,415.0,41.0,0.08,136.0,146.0,103.0,141.38
2025-04-14 12:11:00,143.19,2616.0,190.02,1804.0,140.72,3130.0,249.12,1884.0,166.61,46.83,5746.0,3688.0,23.28,9434,2058.0,201.5,0.17,138.5,148.0,105.0,144.08
2025-04-14 12:12:00,142.96,3107.0,202.65,1585.0,139.69,4360.0,302.56,1550.0,172.8,59.69,7467.0,3135.0,20.89,10602,4332.0,175.0,0.34,136.0,148.0,96.0,143.13
2025-04-14 12:13:00,142.21,2746.0,230.71,1499.0,138.51,1656.0,334.76,1322.0,186.46,88.5,4402.0,2821.0,23.45,7223,1581.0,-258.5,0.12,137.0,148.0,103.0,142.19
2025-04-14 12:14:00,140.63,1900.0,215.83,1330.0,130.42,2273.0,267.75,1338.0,178.23,75.2,4173.0,2668.0,26.86,6841,1505.0,5.0,0.19,133.5,148.0,80.0,141.62
2025-04-14 12:15:00,140.44,2547.0,198.54,1660.0,133.65,2133.0,270.39,1781.0,169.49,58.11,4680.0,3441.0,19.97,8121,1239.0,77.0,0.09,131.0,147.5,104.0,141.31
2025-04-14 12:16:00,137.9,1696.0,229.97,1428.0,130.0,1718.0,308.62,1513.0,183.94,92.08,3414.0,2941.0,20.67,6355,473.0,-211.5,0.01,132.07,145.8,115.0,139.37
2025-04-14 12:17:00,142.8,2599.0,175.88,1636.0,140.49,3578.0,239.4,1651.0,159.34,33.08,6177.0,3287.0,16.27,9464,2890.0,22.0,0.27,136.0,148.0,101.0,142.73
2025-04-14 12:18:00,140.51,2373.0,183.58,1789.0,133.75,2123.0,255.24,1777.0,162.05,43.06,4496.0,3566.0,10.99,8062,930.0,257.0,0.04,132.0,148.0,102.0,142.59
2025-04-14 12:19:00,142.3,3084.0,193.25,1389.0,136.59,2387.0,244.41,1412.0,167.78,50.95,5471.0,2801.0,19.61,8272,2670.0,-399.5,0.26,135.0,147.0,99.0,142.07
2025-04-14 12:20:00,142.23,2822.0,186.72,2133.0,137.65,2971.0,221.26,1995.0,164.47,44.49,5793.0,4128.0,12.7,9921,1665.0,176.0,0.12,138.0,146.6,105.0,142.48
2025-04-14 12:21:00,141.12,2588.0,198.6,1823.0,132.4,3020.0,256.89,1932.0,169.86,57.48,5608.0,3755.0,15.54,9363,1853.0,-277.0,0.18,133.25,148.0,114.0,142.25
2025-04-14 12:22:00,141.02,1845.0,200.49,1222.0,134.07,2273.0,273.77,1294.0,170.75,59.47,4118.0,2516.0,20.39,6634,1602.0,30.0,0.16,135.0,147.0,98.0,142.71
2025-04-14 12:23:00,142.95,2199.0,190.7,2019.0,140.05,2206.0,221.46,1982.0,166.82,47.75,4405.0,4001.0,14.29,8406,404.0,85.0,0.0,138.6,148.0,101.0,143.51
2025-04-14 12:24:00,141.9,2180.0,208.03,1494.0,135.91,2441.0,257.0,1647.0,174.96,66.14,4621.0,3141.0,20.89,7762,1480.0,-396.5,0.13,134.0,148.0,76.0,141.6
2025-04-14 12:25:00,142.04,2675.0,185.91,2118.0,139.34,2937.0,228.79,1960.0,163.97,43.86,5612.0,4078.0,12.0,9690,1534.0,102.0,0.12,137.33,148.0,128.0,142.35
2025-04-14 12:26:00,141.35,2379.0,188.16,1669.0,135.52,4028.0,241.0,1605.0,164.76,46.81,6407.0,3274.0,13.19,9681,3133.0,175.0,0.17,132.0,147.2,99.0,142.22
2025-04-14 12:27:00,140.39,2392.0,202.44,1852.0,136.45,2751.0,272.97,1851.0,171.41,62.05,5143.0,3703.0,22.72,8846,1440.0,-179.5,0.13,134.6,146.0,109.0,140.39
2025-04-14 12:28:00,144.06,2222.0,211.45,1491.0,141.76,2378.0,281.14,1708.0,177.76,67.39,4600.0,3199.0,31.98,7799,1401.0,213.5,0.09,138.0,148.0,91.0,142.97
2025-04-14 12:29:00,143.35,2104.0,210.87,1430.0,139.08,2049.0,286.65,1426.0,177.11,67.52,4153.0,2856.0,18.29,7009,1297.0,-365.0,0.18,138.0,148.0,88.0,144.22
2025-04-14 12:30:00,143.38,2834.0,205.71,1615.0,141.21,2931.0,284.92,1730.0,174.54,62.33,5765.0,3345.0,19.55,9110,2420.0,94.5,0.19,135.0,148.0,97.0,143.05
2025-04-14 12:31:00,143.45,3794.0,180.88,2142.0,141.32,3916.0,249.28,2022.0,162.17,37.43,7710.0,4164.0,7.51,11874,3546.0,94.0,0.23,139.0,148.0,107.0,143.88
2025-04-14 12:32:00,143.68,3560.0,195.8,1942.0,141.65,3349.0,245.86,1946.0,169.74,52.12,6909.0,3888.0,19.17,10797,3021.0,55.5,0.25,138.67,148.0,105.0,143.48
2025-04-14 12:33:00,142.64,3580.0,205.78,1812.0,140.7,3369.0,271.2,1800.0,174.21,63.14,6949.0,3612.0,18.29,10561,3337.0,-219.5,0.26,139.0,148.0,115.0,143.04
2025-04-14 12:34:00,143.07,2389.0,196.24,1238.0,140.97,3303.0,249.71,1336.0,169.66,53.16,5692.0,2574.0,11.22,8266,3118.0,131.0,0.36,138.0,148.0,99.0,143.23
2025-04-14 12:35:00,141.74,3008.0,171.03,1688.0,139.78,3167.0,221.83,1534.0,156.38,29.29,6175.0,3222.0,15.72,9397,2953.0,24.5,0.29,138.0,146.0,95.0,142.15
2025-04-14 12:36:00,143.08,2925.0,188.81,1556.0,141.08,2646.0,269.82,1442.0,165.94,45.73,5571.0,2998.0,19.39,8569,2573.0,-187.5,0.28,140.0,148.0,100.0,143.29
2025-04-14 12:37:00,143.26,3021.0,204.2,1875.0,140.38,3327.0,296.39,1681.0,173.73,60.95,6348.0,3556.0,22.65,9904,2792.0,13.5,0.26,137.5,146.0,102.0,143.08
2025-04-14 12:38:00,143.33,2854.0,174.34,2026.0,141.07,2905.0,196.97,2213.0,158.84,31.01,5759.0,4239.0,12.46,9998,1520.0,263.0,0.08,138.86,147.33,127.0,143.04
2025-04-14 12:39:00,143.52,3295.0,218.2,2060.0,140.93,3209.0,299.22,2070.0,180.86,74.68,6504.0,4130.0,17.7,10634,2374.0,-365.0,0.17,137.75,148.0,96.0,143.91
2025-04-14 12:40:00,141.68,1858.0,230.56,1647.0,134.09,2124.0,313.95,1839.0,186.12,88.88,3982.0,3486.0,24.67,7468,496.0,-52.0,0.02,135.33,148.0,90.0,142.66
2025-04-14 12:41:00,142.71,1988.0,197.11,2017.0,135.51,2870.0,225.65,2141.0,169.91,54.4,4858.0,4158.0,10.61,9016,700.0,35.0,0.03,132.67,148.0,95.0,142.62
2025-04-14 12:42:00,142.67,3041.0,184.93,1370.0,136.15,2147.0,220.73,1296.0,163.8,42.26,5188.0,2666.0,19.67,7854,2522.0,293.0,0.28,137.0,148.0,75.0,143.91
2025-04-14 12:43:00,143.04,2777.0,172.51,2021.0,138.29,2964.0,242.0,1985.0,157.78,29.47,5741.0,4006.0,16.06,9747,1735.0,165.5,0.15,138.0,148.0,94.0,142.63
2025-04-14 12:44:00,140.79,2789.0,195.19,1406.0,133.6,2257.0,236.2,1498.0,167.99,54.4,5046.0,2904.0,19.01,7950,2142.0,-1.0,0.18,134.0,147.6,106.0,141.56
2025-04-14 12:45:00,144.02,3505.0,186.85,1907.0,142.33,3244.0,222.56,1664.0,165.43,42.83,6749.0,3571.0,15.02,10320,3178.0,61.5,0.26,139.33,148.0,85.0,144.12
2025-04-14 12:46:00,139.63,3143.0,173.77,1647.0,137.91,3199.0,198.95,1832.0,156.7,34.14,6342.0,3479.0,8.32,9821,2863.0,-75.0,0.22,137.0,145.0,133.0,140.29
2025-04-14 12:47:00,138.88,2715.0,171.29,2163.0,132.96,2510.0,228.72,2057.0,155.09,32.41,5225.0,4220.0,16.72,9445,1005.0,105.5,0.1,133.3,145.0,104.0,139.89
2025-04-14 12:48:00,141.45,2530.0,213.39,1932.0,138.8,2081.0,256.8,2003.0,177.42,71.94,4611.0,3935.0,18.65,8546,676.0,469.0,0.05,134.6,145.0,118.0,140.92
2025-04-14 12:49:00,140.19,2453.0,199.94,1607.0,138.03,2933.0,298.65,1712.0,170.07,59.75,5386.0,3319.0,31.11,8705,2067.0,-421.5,0.19,137.25,145.0,102.0,140.61
2025-04-14 12:50:00,138.98,1837.0,201.19,1651.0,131.38,2157.0,278.72,1324.0,170.09,62.21,3994.0,2975.0,22.68,6969,1019.0,21.0,0.12,135.0,145.0,92.0,140.82
2025-04-14 12:51:00,140.88,3263.0,184.28,1227.0,136.3,2703.0,280.71,1566.0,162.58,43.4,5966.0,2793.0,12.77,8759,3173.0,73.5,0.26,136.0,147.0,105.0,142.23
2025-04-14 12:52:00,139.14,687.0,203.64,660.0,123.89,870.0,291.82,687.0,171.39,64.51,1557.0,1347.0,29.45,2904,210.0,238.5,0.05,133.83,146.0,43.0,140.28
2025-04-14 12:53:00,139.44,3437.0,176.78,1957.0,132.4,2442.0,223.59,1688.0,158.11,37.34,5879.0,3645.0,10.29,9524,2234.0,-240.0,0.2,132.0,145.0,106.0,140.04
2025-04-14 12:54:00,142.57,2589.0,208.12,1366.0,140.54,2752.0,263.49,1370.0,175.35,65.55,5341.0,2736.0,18.13,8077,2605.0,49.5,0.27,139.0,147.0,99.0,142.58
2025-04-14 12:55:00,142.09,1824.0,227.55,1424.0,136.69,2131.0,310.08,1576.0,184.82,85.46,3955.0,3000.0,30.41,6955,955.0,-67.0,0.1,136.0,146.0,102.0,141.54
2025-04-14 12:56:00,140.46,2565.0,192.06,1975.0,128.6,2777.0,254.56,2037.0,166.26,51.6,5342.0,4012.0,16.14,9354,1330.0,-91.5,0.1,135.0,146.0,124.0,141.37
2025-04-14 12:57:00,141.13,2462.0,195.54,1921.0,135.03,2149.0,234.75,1911.0,168.33,54.41,4611.0,3832.0,18.17,8443,779.0,69.5,0.05,134.0,147.0,100.0,141.54
2025-04-14 12:58:00,140.54,2014.0,203.64,1356.0,136.81,1257.0,262.31,1529.0,172.09,63.1,3271.0,2885.0,22.15,6156,386.0,-84.0,0.03,131.0,145.0,91.0,141.35
2025-04-14 12:59:00,141.91,2323.0,184.0,1956.0,137.1,2623.0,252.43,1857.0,162.95,42.09,4946.0,3813.0,17.51,8759,1133.0,-34.5,0.07,136.33,145.4,127.0,141.45
2025-04-14 13:00:00,142.75,2458.0,170.26,2004.0,140.38,2187.0,216.61,2046.0,156.51,27.51,4645.0,4050.0,12.26,8695,595.0,3.5,0.04,137.22,147.0,107.0,142.94
2025-04-14 13:01:00,140.72,1537.0,217.72,1186.0,137.69,1816.0,318.43,1303.0,179.22,77.0,3353.0,2489.0,28.73,5842,864.0,156.5,0.13,132.12,146.0,89.0,141.57
2025-04-14 13:02:00,142.8,2836.0,209.5,1691.0,141.32,2959.0,284.73,1828.0,176.15,66.7,5795.0,3519.0,21.59,9314,2276.0,127.0,0.19,138.0,147.0,82.0,142.61
2025-04-14 13:03:00,141.8,3151.0,192.66,1597.0,140.08,2915.0,239.51,1594.0,167.23,50.86,6066.0,3191.0,14.45,9257,2875.0,-260.5,0.28,138.0,147.0,110.0,142.69
2025-04-14 13:04:00,141.98,2460.0,190.17,1598.0,139.87,2742.0,289.52,1127.0,166.08,48.19,5202.0,2725.0,25.18,7927,2477.0,-1.5,0.31,138.0,146.6,98.0,142.58
2025-04-14 13:05:00,142.76,2866.0,184.43,1556.0,140.92,2239.0,262.96,1473.0,163.6,41.67,5105.0,3029.0,19.94,8134,2076.0,-77.0,0.25,140.8,147.0,89.0,142.85
2025-04-14 13:06:00,141.25,2223.0,207.84,1923.0,137.42,2793.0,274.32,1987.0,174.54,66.59,5016.0,3910.0,19.28,8926,1106.0,-48.0,0.07,134.33,147.0,94.0,141.82
2025-04-14 13:07:00,139.8,1946.0,217.06,1317.0,134.34,2277.0,291.45,1420.0,178.43,77.26,4223.0,2737.0,23.68,6960,1486.0,96.0,0.15,134.33,145.0,99.0,140.58
2025-04-14 13:08:00,142.11,2740.0,187.17,2025.0,139.81,3162.0,293.32,1863.0,164.64,45.05,5902.0,3888.0,16.24,9790,2014.0,173.0,0.18,133.6,146.2,109.0,142.49
2025-04-14 13:09:00,139.07,2167.0,204.19,1611.0,132.82,2979.0,286.53,1682.0,171.63,65.12,5146.0,3293.0,24.88,8439,1853.0,-373.5,0.14,135.0,146.0,88.0,140.56
2025-04-14 13:10:00,140.86,2433.0,198.52,1767.0,137.8,2706.0,323.66,1697.0,169.69,57.66,5139.0,3464.0,23.0,8603,1675.0,-80.0,0.14,135.0,145.5,118.0,140.6
2025-04-14 13:11:00,140.71,2373.0,201.01,2419.0,137.25,2804.0,231.87,2387.0,170.86,60.3,5177.0,4806.0,11.62,9983,371.0,30.0,0.0,136.4,145.0,107.0,141.18
2025-04-14 13:12:00,140.32,2814.0,193.33,1442.0,136.97,1988.0,293.16,1367.0,166.83,53.01,4802.0,2809.0,22.62,7611,1993.0,-169.0,0.22,135.75,144.6,100.0,141.04
2025-04-14 13:13:00,137.93,1200.0,178.27,1388.0,130.84,1624.0,227.15,1190.0,158.1,40.35,2824.0,2578.0,14.88,5402,246.0,84.5,0.02,128.14,144.67,81.0,138.04
2025-04-14 13:14:00,140.46,1781.0,190.11,1387.0,136.53,2035.0,218.59,1475.0,165.28,49.65,3816.0,2862.0,13.58,6678,954.0,215.5,0.1,132.75,146.0,96.0,140.04
2025-04-14 13:15:00,139.63,3440.0,202.68,2291.0,133.95,3217.0,265.02,2184.0,171.16,63.05,6657.0,4475.0,24.39,11132,2182.0,-137.5,0.12,134.0,145.0,91.0,139.27
2025-04-14 13:16:00,141.95,2367.0,197.27,1890.0,140.12,2493.0,234.72,1964.0,169.61,55.32,4860.0,3854.0,16.49,8714,1006.0,9.0,0.06,138.0,147.0,96.0,142.18
2025-04-14 13:17:00,140.28,3855.0,196.38,1595.0,131.9,3770.0,247.54,1526.0,168.33,56.1,7625.0,3121.0,17.46,10746,4504.0,221.5,0.32,134.0,145.0,84.0,140.41
2025-04-14 13:18:00,139.71,2510.0,179.13,2202.0,135.76,2371.0,242.53,2056.0,159.42,39.41,4881.0,4258.0,16.61,9139,623.0,85.0,0.03,133.25,146.56,110.0,140.0
2025-04-14 13:19:00,142.35,2236.0,192.8,1266.0,139.17,3128.0,263.49,1258.0,167.58,50.45,5364.0,2524.0,25.28,7888,2840.0,-37.5,0.3,136.86,147.0,89.0,142.4
2025-04-14 13:20:00,138.36,1790.0,189.94,1666.0,128.36,1938.0,256.36,1826.0,164.15,51.58,3728.0,3492.0,23.35,7220,236.0,-203.0,0.03,132.57,145.0,99.0,139.36
2025-04-14 13:21:00,142.94,3691.0,167.85,1502.0,139.87,3361.0,220.26,1615.0,155.4,24.91,7052.0,3117.0,10.81,10169,3935.0,40.5,0.34,133.0,147.0,103.0,142.92
2025-04-14 13:22:00,143.74,2809.0,186.69,1665.0,141.55,3000.0,207.04,1600.0,165.21,42.95,5809.0,3265.0,7.53,9074,2544.0,274.5,0.21,140.0,147.0,96.0,143.74
2025-04-14 13:23:00,139.97,3616.0,184.12,1915.0,137.77,5037.0,268.96,2043.0,162.05,44.15,8653.0,3958.0,19.06,12611,4695.0,-7.5,0.27,137.0,145.5,102.0,140.94
2025-04-14 13:24:00,143.59,4046.0,194.82,1783.0,141.48,4639.0,280.06,2029.0,169.21,51.23,8685.0,3812.0,17.46,12497,4873.0,283.5,0.36,139.0,147.0,98.0,143.97
2025-04-14 13:25:00,139.86,2355.0,166.68,1696.0,134.92,2448.0,233.05,1545.0,153.27,26.82,4803.0,3241.0,15.93,8044,1562.0,159.5,0.06,135.5,147.0,102.0,141.29
2025-04-14 13:26:00,140.32,2467.0,216.56,2021.0,132.72,2741.0,287.62,2044.0,178.44,76.24,5208.0,4065.0,20.84,9273,1143.0,-119.0,0.1,136.0,146.0,112.0,141.09
2025-04-14 13:27:00,138.2,2412.0,199.15,1977.0,131.75,2691.0,282.34,1917.0,168.68,60.95,5103.0,3894.0,14.96,8997,1209.0,100.0,0.08,133.0,145.0,108.0,140.15
2025-04-14 13:28:00,142.76,2281.0,175.3,1404.0,140.58,3270.0,227.47,1444.0,159.03,32.54,5551.0,2848.0,13.52,8399,2703.0,-180.5,0.27,138.0,147.0,104.0,142.88
2025-04-14 13:29:00,143.77,2453.0,227.35,1543.0,141.4,2156.0,318.77,1616.0,185.56,83.59,4609.0,3159.0,24.18,7768,1450.0,-33.0,0.18,138.5,147.0,77.0,143.06
2025-04-14 13:30:00,141.01,3545.0,187.24,1843.0,138.83,3065.0,215.95,1933.0,164.13,46.22,6610.0,3776.0,11.83,10386,2834.0,-175.0,0.13,135.0,145.4,133.0,141.6
2025-04-14 13:31:00,139.23,2014.0,185.56,1651.0,132.63,1846.0,299.97,1625.0,162.39,46.33,3860.0,3276.0,15.91,7136,584.0,-88.5,0.03,134.33,147.0,95.0,141.6
2025-04-14 13:32:00,140.15,1998.0,166.77,1804.0,134.67,2221.0,254.34,1607.0,153.46,26.62,4219.0,3411.0,19.07,7630,808.0,238.5,0.06,135.0,146.0,102.0,140.53
2025-04-14 13:33:00,141.45,1643.0,217.71,1476.0,137.69,3513.0,306.43,1646.0,179.58,76.25,5156.0,3122.0,15.76,8278,2034.0,141.0,0.22,131.0,146.0,105.0,140.6
2025-04-14 13:34:00,138.86,2325.0,201.22,1597.0,133.39,2244.0,238.12,1621.0,170.04,62.36,4569.0,3218.0,18.23,7787,1351.0,-7.0,0.12,132.33,146.0,89.0,140.14
2025-04-14 13:35:00,141.17,4694.0,172.83,1965.0,137.52,1983.0,257.47,1849.0,157.0,31.66,6677.0,3814.0,14.49,10491,2863.0,-63.5,0.14,136.25,146.0,115.0,141.53
2025-04-14 13:36:00,142.25,2273.0,193.41,1664.0,138.43,2591.0,281.83,1686.0,167.83,51.16,4864.0,3350.0,15.18,8214,1514.0,177.5,0.15,134.0,146.0,79.0,141.34
2025-04-14 13:37:00,141.4,2682.0,187.03,1841.0,139.17,3396.0,222.95,1769.0,164.21,45.63,6078.0,3610.0,15.06,9688,2468.0,-150.0,0.23,137.0,145.12,102.0,141.54
2025-04-14 13:38:00,140.09,2244.0,173.66,1778.0,135.96,2170.0,199.81,1519.0,156.87,33.57,4414.0,3297.0,9.87,7711,1117.0,88.0,0.11,133.17,145.6,83.0,139.39
2025-04-14 13:39:00,140.42,2628.0,190.18,2183.0,137.52,2727.0,268.7,2240.0,165.3,49.76,5355.0,4423.0,19.53,9778,932.0,458.5,0.05,136.0,146.0,116.0,141.09
2025-04-14 13:40:00,140.65,2195.0,186.23,1481.0,138.42,2519.0,237.14,1651.0,163.44,45.58,4714.0,3132.0,20.22,7846,1582.0,-452.5,0.17,136.0,145.57,108.0,141.52
2025-04-14 13:41:00,141.86,3051.0,195.29,1365.0,139.06,3708.0,297.52,1515.0,168.57,53.42,6759.0,2880.0,18.6,9639,3879.0,-27.5,0.34,138.0,146.0,109.0,141.88
2025-04-14 13:42:00,140.46,2906.0,169.17,2053.0,137.92,5417.0,229.5,2064.0,154.82,28.71,8323.0,4117.0,10.9,12440,4206.0,141.0,0.25,137.5,144.4,124.0,140.48
2025-04-14 13:43:00,141.87,3189.0,179.14,1091.0,139.93,3232.0,225.52,1195.0,160.51,37.27,6421.0,2286.0,19.33,8707,4135.0,-299.5,0.36,136.8,146.0,103.0,141.95
2025-04-14 13:44:00,142.25,6443.0,201.94,2059.0,139.72,4638.0,232.19,1980.0,172.09,59.68,11081.0,4039.0,19.4,15120,7042.0,128.5,0.33,139.0,146.0,105.0,142.43
2025-04-14 13:45:00,140.02,4105.0,219.88,1875.0,136.0,2868.0,264.59,2237.0,179.95,79.86,6973.0,4112.0,19.21,11085,2861.0,-117.0,0.19,134.0,146.0,126.0,140.14
2025-04-14 13:46:00,143.02,2902.0,225.48,1606.0,140.57,2452.0,279.22,1628.0,184.25,82.45,5354.0,3234.0,18.87,8588,2120.0,0.0,0.2,137.25,146.0,89.0,142.74
2025-04-14 13:47:00,142.86,3093.0,205.65,1466.0,140.31,3051.0,270.6,1389.0,174.26,62.8,6144.0,2855.0,15.18,8999,3289.0,89.0,0.31,137.0,146.0,116.0,142.65
2025-04-14 13:48:00,139.38,2572.0,187.09,1594.0,134.48,2259.0,241.48,1621.0,163.24,47.71,4831.0,3215.0,22.5,8046,1616.0,-138.5,0.16,134.0,146.0,93.0,140.57
2025-04-14 13:49:00,139.46,3541.0,185.38,1905.0,135.53,3894.0,251.79,1917.0,162.42,45.92,7435.0,3822.0,13.37,11257,3613.0,-169.5,0.25,134.0,145.0,112.0,139.59
2025-04-14 13:50:00,141.91,2859.0,194.94,1904.0,139.9,2243.0,269.89,1685.0,168.42,53.02,5102.0,3589.0,12.6,8691,1513.0,124.5,0.16,137.0,146.0,107.0,142.28
2025-04-14 13:51:00,142.6,3570.0,201.88,1537.0,136.97,2504.0,291.04,1289.0,172.24,59.28,6074.0,2826.0,24.86,8900,3248.0,-137.0,0.26,134.71,146.0,84.0,141.93
2025-04-14 13:52:00,141.48,3712.0,171.21,1427.0,138.71,3689.0,240.14,1558.0,156.34,29.73,7401.0,2985.0,16.16,10386,4416.0,-6.0,0.39,136.5,145.0,106.0,142.01
2025-04-14 13:53:00,139.21,2801.0,202.63,1128.0,133.9,2318.0,272.39,1197.0,170.92,63.42,5119.0,2325.0,15.71,7444,2794.0,-130.0,0.32,132.0,144.0,93.0,140.11
2025-04-14 13:54:00,139.6,2166.0,173.38,1378.0,136.01,2720.0,271.22,1533.0,156.49,33.78,4886.0,2911.0,9.42,7797,1975.0,-40.0,0.22,136.17,145.25,105.0,141.59
2025-04-14 13:55:00,139.17,2415.0,193.62,1450.0,132.58,2790.0,256.07,1753.0,166.4,54.45,5205.0,3203.0,18.84,8408,2002.0,60.0,0.17,130.0,145.33,109.0,139.78
2025-04-14 13:56:00,140.79,2976.0,204.66,2221.0,137.24,3555.0,252.12,1999.0,172.72,63.88,6531.0,4220.0,9.0,10751,2311.0,77.0,0.15,136.0,146.0,94.0,140.66
2025-04-14 13:57:00,141.37,2865.0,210.51,1514.0,137.01,2476.0,270.18,1620.0,175.94,69.13,5341.0,3134.0,17.81,8475,2207.0,-28.0,0.19,132.25,146.0,109.0,141.21
2025-04-14 13:58:00,139.48,2271.0,167.98,1832.0,136.65,2429.0,198.02,2020.0,153.73,28.5,4700.0,3852.0,10.19,8552,848.0,50.0,0.03,132.0,144.0,120.0,139.99
2025-04-14 13:59:00,139.77,2924.0,188.37,1474.0,135.65,3211.0,262.95,1748.0,164.06,48.6,6135.0,3222.0,17.39,9357,2913.0,-54.5,0.27,135.0,144.0,132.0,140.15
2025-04-14 14:00:00,140.1,2224.0,194.24,1149.0,136.25,2051.0,229.77,1485.0,167.17,54.15,4275.0,2634.0,16.05,6909,1641.0,138.0,0.11,129.22,145.0,86.0,140.89
2025-04-14 14:01:00,141.19,2750.0,206.39,1802.0,139.34,4835.0,237.87,1878.0,173.79,65.21,7585.0,3680.0,14.41,11265,3905.0,60.5,0.32,136.0,145.0,108.0,140.53
2025-04-14 14:02:00,139.05,3299.0,182.65,1521.0,133.87,3812.0,281.84,1512.0,160.85,43.6,7111.0,3033.0,26.42,10144,4078.0,364.0,0.35,134.0,145.0,108.0,139.32
2025-04-14 14:03:00,138.81,4364.0,192.97,2231.0,135.1,4195.0,254.17,1715.0,165.89,54.17,8559.0,3946.0,15.03,12505,4613.0,-183.5,0.29,133.5,143.0,108.0,138.87
2025-04-14 14:04:00,139.76,2318.0,188.65,1744.0,137.49,2628.0,215.08,1691.0,164.2,48.89,4946.0,3435.0,10.19,8381,1511.0,-115.5,0.16,136.0,145.0,107.0,140.58
2025-04-14 14:05:00,141.58,3834.0,211.72,1707.0,138.77,2565.0,269.48,1713.0,176.65,70.13,6399.0,3420.0,20.02,9819,2979.0,10.0,0.27,136.6,145.6,107.0,141.95
2025-04-14 14:06:00,139.79,2172.0,176.2,1819.0,136.33,2388.0,220.92,1746.0,157.99,36.41,4560.0,3565.0,12.35,8125,995.0,32.0,0.05,135.0,143.67,115.0,139.38
2025-04-14 14:07:00,139.71,2392.0,197.3,1769.0,134.97,2095.0,262.28,1611.0,168.51,57.59,4487.0,3380.0,20.61,7867,1107.0,-38.0,0.09,134.0,145.0,103.0,139.37
2025-04-14 14:08:00,141.99,2617.0,217.3,1755.0,139.7,2836.0,314.34,2012.0,179.64,75.31,5453.0,3767.0,24.65,9220,1686.0,3.0,0.14,137.67,146.0,103.0,142.25
2025-04-14 14:09:00,139.88,2819.0,181.24,1785.0,136.05,3318.0,241.62,1968.0,160.56,41.36,6137.0,3753.0,14.04,9890,2384.0,71.0,0.17,134.0,144.0,102.0,139.56
2025-04-14 14:10:00,141.36,3079.0,211.95,1933.0,138.76,3704.0,290.23,1572.0,176.66,70.59,6783.0,3505.0,15.81,10288,3278.0,51.0,0.28,134.0,146.0,113.0,141.8
2025-04-14 14:11:00,141.7,3613.0,197.79,1952.0,137.76,4835.0,250.23,1734.0,169.74,56.09,8448.0,3686.0,20.46,12134,4762.0,227.5,0.35,138.0,146.0,93.0,141.88
2025-04-14 14:12:00,141.01,2722.0,206.27,1925.0,136.89,2326.0,279.91,2102.0,173.64,65.26,5048.0,4027.0,16.94,9075,1021.0,14.5,0.07,137.0,144.67,127.0,141.5
2025-04-14 14:13:00,140.33,2604.0,221.08,2225.0,134.72,2545.0,302.62,2086.0,180.71,80.75,5149.0,4311.0,20.7,9460,838.0,78.0,0.02,136.0,146.0,106.0,141.13
2025-04-14 14:14:00,141.59,3032.0,205.96,1826.0,139.36,3025.0,254.56,1915.0,173.77,64.37,6057.0,3741.0,19.62,9798,2316.0,114.0,0.16,135.62,146.0,111.0,141.71
2025-04-14 14:15:00,142.35,3028.0,213.7,2024.0,140.37,3316.0,276.64,1909.0,178.02,71.35,6344.0,3933.0,20.76,10277,2411.0,-109.0,0.11,138.0,146.0,94.0,142.71
2025-04-14 14:16:00,139.43,2040.0,216.51,1566.0,136.3,1548.0,325.15,1390.0,177.97,77.08,3588.0,2956.0,29.74,6544,632.0,88.0,0.06,135.0,144.0,99.0,140.54
2025-04-14 14:17:00,141.22,2204.0,183.0,1817.0,137.3,3658.0,235.63,1713.0,162.11,41.78,5862.0,3530.0,19.15,9392,2332.0,61.0,0.21,135.0,146.0,114.0,141.41
2025-04-14 14:18:00,140.38,2216.0,192.75,1696.0,133.71,1810.0,314.81,1896.0,166.56,52.37,4026.0,3592.0,20.42,7618,434.0,-132.5,0.0,134.0,145.0,89.0,140.39
2025-04-14 14:19:00,139.63,1607.0,206.66,1031.0,130.78,1730.0,277.99,1004.0,173.15,67.04,3337.0,2035.0,19.91,5372,1302.0,69.5,0.18,133.33,144.0,85.0,139.59
2025-04-14 14:20:00,138.9,2055.0,191.01,1830.0,129.18,1928.0,245.21,1809.0,164.96,52.1,3983.0,3639.0,15.83,7622,344.0,137.0,0.0,126.57,144.8,105.0,139.04
2025-04-14 14:21:00,140.63,1731.0,212.48,1395.0,137.56,2108.0,275.54,1441.0,176.55,71.86,3839.0,2836.0,20.78,6675,1003.0,227.0,0.12,126.57,146.0,82.0,141.16
2025-04-14 14:22:00,140.95,2282.0,184.99,1400.0,138.05,3062.0,233.79,1540.0,162.97,44.04,5344.0,2940.0,13.49,8284,2404.0,-259.0,0.21,135.33,145.0,104.0,140.62
2025-04-14 14:23:00,140.04,2492.0,204.31,1781.0,137.06,2828.0,265.66,1739.0,172.17,64.28,5320.0,3520.0,20.49,8840,1800.0,-18.5,0.12,136.8,144.0,120.0,139.84
2025-04-14 14:24:00,141.45,3647.0,189.9,1701.0,139.07,4946.0,232.7,1583.0,165.67,48.46,8593.0,3284.0,16.66,11877,5309.0,-10.0,0.4,137.5,144.29,118.0,141.61
2025-04-14 14:25:00,141.42,2651.0,169.88,2037.0,139.28,2570.0,272.83,1815.0,155.65,28.46,5221.0,3852.0,9.93,9073,1369.0,85.5,0.11,135.67,146.0,112.0,141.68
2025-04-14 14:26:00,141.5,3652.0,191.17,1602.0,139.28,3984.0,251.36,1756.0,166.34,49.67,7636.0,3358.0,18.41,10994,4278.0,8.0,0.31,136.17,146.0,88.0,142.09
2025-04-14 14:27:00,141.57,3355.0,203.6,1990.0,139.51,4998.0,264.51,1747.0,172.58,62.04,8353.0,3737.0,21.02,12090,4616.0,-8.5,0.32,137.0,146.0,127.0,141.21
2025-04-14 14:28:00,139.42,2621.0,199.8,1160.0,129.16,2178.0,273.06,1322.0,169.61,60.37,4799.0,2482.0,22.91,7281,2317.0,-160.5,0.31,133.73,146.0,86.0,139.24
2025-04-14 14:29:00,142.05,2892.0,185.5,1660.0,140.18,1850.0,237.87,1743.0,163.77,43.45,4742.0,3403.0,13.41,8145,1339.0,-60.5,0.11,137.8,146.0,113.0,142.34
2025-04-14 14:30:00,138.09,2261.0,174.83,2081.0,132.48,1715.0,243.47,2151.0,156.46,36.74,3976.0,4232.0,16.66,8208,-256.0,-22.0,-0.09,135.0,144.0,111.0,140.19
2025-04-14 14:31:00,139.34,2239.0,238.42,1557.0,131.01,2235.0,310.89,1670.0,188.88,99.08,4474.0,3227.0,26.4,7701,1247.0,-77.0,0.11,134.0,145.0,87.0,140.32
2025-04-14 14:32:00,140.01,2656.0,198.5,1669.0,137.97,3164.0,231.72,1201.0,169.25,58.49,5820.0,2870.0,28.07,8690,2950.0,14.0,0.28,136.0,144.0,91.0,141.17
2025-04-14 14:33:00,140.38,2129.0,190.24,1203.0,137.48,2139.0,255.64,1260.0,165.31,49.86,4268.0,2463.0,22.13,6731,1805.0,-66.5,0.25,134.75,144.67,124.0,139.95
2025-04-14 14:34:00,142.03,3564.0,206.36,1657.0,139.7,4723.0,273.64,1800.0,174.19,64.33,8287.0,3457.0,7.92,11744,4830.0,242.0,0.32,135.33,144.0,88.0,142.46
2025-04-14 14:35:00,140.86,2615.0,199.86,2242.0,137.18,2782.0,254.36,2186.0,170.36,59.0,5397.0,4428.0,16.84,9825,969.0,33.0,0.02,131.33,146.0,110.0,140.18
2025-04-14 14:36:00,142.91,3920.0,180.54,1627.0,140.76,4820.0,225.94,1680.0,161.73,37.63,8740.0,3307.0,13.99,12047,5433.0,-80.5,0.39,139.78,146.0,115.0,143.17
2025-04-14 14:37:00,139.1,2085.0,194.27,1634.0,135.06,2542.0,232.25,1875.0,166.69,55.16,4627.0,3509.0,11.88,8136,1118.0,15.0,0.14,133.0,145.33,116.0,139.21
2025-04-14 14:38:00,137.92,1226.0,167.63,796.0,129.73,978.0,207.09,845.0,152.78,29.71,2204.0,1641.0,10.11,3845,563.0,113.0,0.14,132.0,144.67,70.0,139.79
2025-04-14 14:39:00,140.3,3623.0,188.52,2028.0,135.14,3025.0,258.3,1705.0,164.41,48.23,6648.0,3733.0,15.63,10381,2915.0,-72.5,0.24,133.33,146.0,114.0,141.01
2025-04-14 14:40:00,141.28,2564.0,246.14,1400.0,138.99,2011.0,301.95,1372.0,193.71,104.87,4575.0,2772.0,25.61,7347,1803.0,-23.0,0.22,136.5,146.0,108.0,140.92
2025-04-14 14:41:00,141.53,3095.0,175.45,1462.0,138.05,2220.0,235.41,1610.0,158.49,33.91,5315.0,3072.0,9.6,8387,2243.0,-42.0,0.2,137.17,145.33,110.0,141.91
2025-04-14 14:42:00,138.27,1388.0,201.32,1039.0,128.35,1512.0,268.18,898.0,169.79,63.04,2900.0,1937.0,19.61,4837,963.0,-83.0,0.18,130.0,146.0,66.0,139.75
2025-04-14 14:43:00,141.65,2438.0,180.68,1940.0,138.27,2445.0,220.73,1896.0,161.17,39.03,4883.0,3836.0,10.47,8719,1047.0,-99.5,0.09,136.67,146.0,98.0,141.96
2025-04-14 14:44:00,141.02,2722.0,183.86,1271.0,138.25,3017.0,255.63,1636.0,162.44,42.84,5739.0,2907.0,10.78,8646,2832.0,-39.0,0.28,136.0,144.0,97.0,140.96
2025-04-14 14:45:00,139.25,2560.0,163.58,1368.0,136.18,3018.0,236.28,1575.0,151.42,24.33,5578.0,2943.0,14.06,8521,2635.0,-32.5,0.28,134.38,145.0,138.0,139.48
2025-04-14 14:46:00,139.68,2353.0,185.43,1669.0,137.17,2025.0,268.55,1523.0,162.55,45.76,4378.0,3192.0,18.07,7570,1186.0,-3.0,0.14,135.0,143.6,108.0,139.07
2025-04-14 14:47:00,139.96,1607.0,248.63,1378.0,132.95,1748.0,341.04,1370.0,194.3,108.67,3355.0,2748.0,30.54,6103,607.0,-113.0,0.08,135.0,145.0,101.0,140.23
2025-04-14 14:48:00,140.12,3309.0,177.75,2000.0,135.5,3322.0,220.45,1906.0,158.94,37.63,6631.0,3906.0,12.69,10537,2725.0,-20.5,0.22,130.8,146.0,98.0,140.36
2025-04-14 14:49:00,138.25,1930.0,213.46,2005.0,126.77,2233.0,305.29,2080.0,175.85,75.21,4163.0,4085.0,26.31,8248,78.0,167.5,-0.0,135.0,146.0,102.0,140.18
2025-04-14 14:50:00,142.36,2466.0,241.39,1193.0,139.82,1426.0,314.18,1257.0,191.88,99.02,3892.0,2450.0,26.24,6342,1442.0,-229.0,0.21,132.8,146.0,63.0,141.92
2025-04-14 14:51:00,139.99,1735.0,181.77,1454.0,136.8,2054.0,256.2,1542.0,160.88,41.78,3789.0,2996.0,18.07,6785,793.0,-111.0,0.09,134.0,144.0,90.0,140.06
2025-04-14 14:52:00,141.23,2863.0,201.88,2314.0,137.55,3483.0,240.21,2353.0,171.56,60.65,6346.0,4667.0,12.98,11013,1679.0,191.0,0.14,134.8,144.0,104.0,140.63
2025-04-14 14:53:00,141.01,2713.0,195.61,1647.0,138.93,3026.0,278.14,1683.0,168.31,54.6,5739.0,3330.0,18.58,9069,2409.0,-181.0,0.23,137.0,146.0,92.0,141.22
2025-04-14 14:54:00,138.45,2359.0,198.82,1603.0,126.85,2431.0,289.56,1626.0,168.64,60.37,4790.0,3229.0,18.06,8019,1561.0,339.0,0.12,132.0,144.8,80.0,140.12
2025-04-14 14:55:00,141.84,3089.0,207.19,1414.0,139.62,3780.0,279.03,1568.0,174.51,65.35,6869.0,2982.0,21.61,9851,3887.0,-320.5,0.32,136.33,146.0,113.0,141.81
2025-04-14 14:56:00,140.19,3267.0,200.47,2045.0,137.97,3638.0,222.35,2036.0,170.33,60.28,6905.0,4081.0,13.63,10986,2824.0,165.0,0.22,136.4,145.0,103.0,140.58
2025-04-14 14:57:00,141.59,2514.0,214.49,1109.0,138.82,3118.0,279.41,1231.0,178.04,72.9,5632.0,2340.0,30.84,7972,3292.0,-114.0,0.34,137.5,146.0,70.0,141.98
2025-04-14 14:58:00,142.98,4714.0,189.81,1968.0,141.45,4504.0,211.15,2036.0,166.39,46.83,9218.0,4004.0,11.86,13222,5214.0,-96.5,0.32,138.2,146.0,99.0,142.58
2025-04-14 14:59:00,140.92,2954.0,173.72,1993.0,138.2,3765.0,216.47,1716.0,157.32,32.79,6719.0,3709.0,8.84,10428,3010.0,19.0,0.22,134.2,146.0,123.0,140.8
2025-04-14 15:00:00,140.58,2023.0,187.66,1966.0,136.98,1982.0,252.76,1855.0,164.12,47.08,4005.0,3821.0,13.72,7826,184.0,-191.0,0.04,134.0,145.0,89.0,141.24
2025-04-14 15:01:00,141.06,2257.0,192.09,1963.0,136.84,1674.0,251.18,1875.0,166.58,51.03,3931.0,3838.0,18.27,7769,93.0,-18.0,-0.02,136.0,147.0,102.0,141.68
2025-04-14 15:02:00,139.5,2477.0,162.23,1866.0,137.1,2392.0,207.18,1657.0,150.86,22.73,4869.0,3523.0,6.03,8392,1346.0,5.5,0.1,136.0,145.0,104.0,140.08
2025-04-14 15:03:00,140.75,2129.0,191.96,2093.0,134.99,2001.0,279.17,1846.0,166.35,51.21,4130.0,3939.0,25.0,8069,191.0,-43.0,-0.02,132.0,147.0,93.0,141.49
2025-04-14 15:04:00,136.78,1237.0,172.52,771.0,124.62,1409.0,224.3,830.0,154.65,35.74,2646.0,1601.0,14.55,4247,1045.0,-187.0,0.22,133.0,143.33,67.0,138.96
2025-04-14 15:05:00,138.84,3480.0,222.26,1422.0,128.66,1528.0,276.01,1402.0,180.55,83.42,5008.0,2824.0,25.25,7832,2184.0,104.5,0.18,133.0,147.0,107.0,140.92
2025-04-14 15:06:00,140.24,2883.0,179.73,2005.0,134.22,3329.0,240.22,2054.0,159.99,39.49,6212.0,4059.0,9.79,10271,2153.0,-7.5,0.18,132.0,147.0,105.0,140.68
2025-04-14 15:07:00,141.01,3131.0,168.25,1386.0,138.84,3096.0,208.59,1785.0,154.63,27.23,6227.0,3171.0,8.26,9398,3056.0,17.0,0.28,137.0,146.0,94.0,141.59
2025-04-14 15:08:00,140.49,3000.0,193.86,1529.0,136.07,2481.0,247.35,1722.0,167.17,53.37,5481.0,3251.0,12.16,8732,2230.0,-178.0,0.25,132.86,146.0,112.0,140.65
2025-04-14 15:09:00,142.29,2583.0,206.09,1663.0,140.58,2741.0,280.24,1759.0,174.19,63.8,5324.0,3422.0,22.36,8746,1902.0,-155.5,0.18,137.0,146.0,92.0,141.62
2025-04-14 15:10:00,140.85,2638.0,207.34,1548.0,138.77,4131.0,325.42,1585.0,174.1,66.49,6769.0,3133.0,20.38,9902,3636.0,138.0,0.24,138.0,146.0,80.0,141.28
2025-04-14 15:11:00,141.06,2995.0,199.18,1779.0,138.38,2733.0,251.29,1887.0,170.12,58.12,5728.0,3666.0,15.83,9394,2062.0,-10.5,0.18,137.78,144.2,97.0,141.46
2025-04-14 15:12:00,141.38,2796.0,198.1,2127.0,135.09,2340.0,262.58,2127.0,169.74,56.72,5136.0,4254.0,17.32,9390,882.0,-92.5,0.06,130.0,144.6,111.0,141.0
2025-04-14 15:13:00,140.23,2222.0,189.54,1416.0,137.38,2913.0,296.6,1383.0,164.89,49.31,5135.0,2799.0,24.86,7934,2336.0,256.0,0.28,135.0,147.0,98.0,140.14
2025-04-14 15:14:00,140.34,2897.0,182.82,1949.0,137.43,2890.0,243.72,1851.0,161.58,42.49,5787.0,3800.0,14.99,9587,1987.0,-256.5,0.16,137.0,145.67,117.0,140.39
2025-04-14 15:15:00,141.76,3388.0,194.93,1989.0,138.32,3241.0,259.42,2141.0,168.35,53.17,6629.0,4130.0,14.87,10759,2499.0,70.5,0.19,135.8,146.2,125.0,141.34
2025-04-14 15:16:00,143.35,2976.0,186.94,1962.0,141.04,2005.0,272.47,2061.0,165.14,43.59,4981.0,4023.0,14.38,9004,958.0,-22.0,0.1,138.17,147.0,95.0,143.8
2025-04-14 15:17:00,139.57,1833.0,197.72,1697.0,136.35,2054.0,280.33,1825.0,168.64,58.15,3887.0,3522.0,26.98,7409,365.0,186.5,0.01,133.0,146.0,98.0,140.41
2025-04-14 15:18:00,143.05,3447.0,172.94,1920.0,141.14,3478.0,258.22,1908.0,157.99,29.89,6925.0,3828.0,13.17,10753,3097.0,-47.0,0.24,139.0,147.0,103.0,142.79
2025-04-14 15:19:00,140.91,3134.0,199.48,1629.0,134.0,2508.0,251.18,1541.0,170.19,58.57,5642.0,3170.0,21.75,8812,2472.0,-87.5,0.16,137.0,147.0,108.0,142.34
2025-04-14 15:20:00,137.15,976.0,187.85,602.0,124.48,903.0,268.81,670.0,162.5,50.7,1879.0,1272.0,24.21,3151,607.0,-155.0,0.17,132.0,145.0,62.0,140.49
2025-04-14 15:21:00,137.44,1237.0,200.6,1495.0,125.16,1725.0,257.78,1425.0,169.02,63.17,2962.0,2920.0,10.93,5882,42.0,281.0,0.01,134.0,145.33,100.0,139.82
2025-04-14 15:22:00,140.36,1109.0,215.96,1072.0,133.25,1099.0,266.64,1128.0,178.16,75.59,2208.0,2200.0,22.59,4408,8.0,55.0,-0.02,134.75,146.0,53.0,141.59
2025-04-14 15:23:00,142.48,3100.0,201.94,1666.0,140.52,2535.0,254.85,1712.0,172.21,59.46,5635.0,3378.0,19.33,9013,2257.0,-125.0,0.21,137.0,147.0,91.0,142.48
2025-04-14 15:24:00,144.08,1995.0,198.42,1769.0,141.69,2334.0,328.38,1818.0,171.25,54.35,4329.0,3587.0,21.84,7916,742.0,-41.0,0.08,138.0,148.0,90.0,143.48
2025-04-14 15:25:00,142.67,2604.0,224.84,1299.0,137.52,1855.0,298.51,1523.0,183.75,82.17,4459.0,2822.0,19.13,7281,1637.0,3.0,0.18,137.2,148.0,93.0,143.6
2025-04-14 15:26:00,142.33,1850.0,186.1,1845.0,140.51,3094.0,256.22,1794.0,164.21,43.77,4944.0,3639.0,12.27,8583,1305.0,-14.0,0.14,137.75,146.0,101.0,142.25
2025-04-14 15:27:00,142.77,2921.0,190.48,2211.0,140.25,2664.0,230.98,2223.0,166.63,47.72,5585.0,4434.0,8.91,10019,1151.0,-73.0,0.1,138.0,146.67,103.0,142.56
2025-04-14 15:28:00,139.89,1655.0,170.52,1353.0,124.8,1545.0,244.05,1450.0,155.2,30.63,3200.0,2803.0,11.79,6003,397.0,42.0,0.05,134.0,146.11,116.0,141.18
2025-04-14 15:29:00,141.63,2135.0,216.82,1264.0,138.37,2218.0,299.38,1519.0,179.23,75.19,4353.0,2783.0,22.56,7136,1570.0,139.5,0.18,134.0,148.0,101.0,142.34
2025-04-14 15:30:00,141.96,3133.0,200.05,1729.0,136.23,3637.0,272.36,2042.0,171.0,58.09,6770.0,3771.0,22.48,10541,2999.0,145.5,0.25,137.0,148.0,134.0,142.55
2025-04-14 15:31:00,142.91,3834.0,209.39,1961.0,138.64,4973.0,273.29,1983.0,176.15,66.48,8807.0,3944.0,17.17,12751,4863.0,-150.5,0.34,138.5,148.0,111.0,142.93
2025-04-14 15:32:00,142.71,2015.0,180.68,1510.0,140.92,3315.0,225.26,1569.0,161.69,37.97,5330.0,3079.0,13.8,8409,2251.0,-184.5,0.26,138.0,146.33,93.0,142.86
2025-04-14 15:33:00,141.52,3867.0,217.77,1661.0,137.88,3711.0,293.62,1754.0,179.64,76.26,7578.0,3415.0,28.35,10993,4163.0,208.5,0.29,136.5,148.0,112.0,141.84
2025-04-14 15:34:00,141.92,2416.0,253.58,1307.0,132.15,1464.0,367.86,1329.0,197.75,111.66,3880.0,2636.0,32.12,6516,1244.0,175.0,0.14,136.67,146.25,93.0,141.98
2025-04-14 15:35:00,142.21,1576.0,187.54,1744.0,130.4,1443.0,237.95,1820.0,164.87,45.33,3019.0,3564.0,13.17,6583,-545.0,-40.5,-0.1,133.64,148.0,107.0,142.52
2025-04-14 15:36:00,140.52,2617.0,189.55,2231.0,134.08,1988.0,249.0,2145.0,165.04,49.03,4605.0,4376.0,18.4,8981,229.0,91.0,0.0,134.6,148.0,109.0,142.82
2025-04-14 15:37:00,139.79,3336.0,177.74,1752.0,135.87,2495.0,253.65,2016.0,158.77,37.95,5831.0,3768.0,13.84,9599,2063.0,50.0,0.18,135.0,147.0,96.0,140.23
2025-04-14 15:38:00,141.03,3128.0,203.14,1480.0,138.05,2803.0,291.46,1467.0,172.08,62.11,5931.0,2947.0,21.07,8878,2984.0,-16.5,0.28,129.0,146.0,108.0,141.63
2025-04-14 15:39:00,143.37,2153.0,181.98,1494.0,140.98,2161.0,249.13,1732.0,162.68,38.6,4314.0,3226.0,12.06,7540,1088.0,22.0,0.13,138.0,147.0,98.0,143.58
2025-04-14 15:40:00,141.47,2786.0,192.04,1910.0,138.88,3279.0,246.93,1987.0,166.76,50.56,6065.0,3897.0,20.71,9962,2168.0,-110.0,0.17,137.0,147.0,111.0,141.78
2025-04-14 15:41:00,142.42,2107.0,213.89,1779.0,139.82,2821.0,266.97,1983.0,178.16,71.46,4928.0,3762.0,16.93,8690,1166.0,87.0,0.1,138.5,146.0,90.0,142.25
2025-04-14 15:42:00,140.34,3104.0,188.76,1806.0,138.19,4475.0,240.15,1910.0,164.55,48.41,7579.0,3716.0,11.25,11295,3863.0,156.0,0.32,137.0,145.0,98.0,140.8
2025-04-14 15:43:00,142.94,4905.0,229.13,1905.0,140.57,1835.0,317.26,1877.0,186.03,86.19,6740.0,3782.0,19.73,10522,2958.0,-176.5,0.19,136.0,147.0,114.0,143.28
2025-04-14 15:44:00,138.17,1990.0,178.44,1593.0,124.9,2156.0,266.89,1402.0,158.31,40.27,4146.0,2995.0,12.46,7141,1151.0,154.0,0.1,130.0,145.0,91.0,139.74
2025-04-14 15:45:00,141.79,3018.0,166.8,1408.0,136.37,2460.0,246.66,1394.0,154.3,25.01,5478.0,2802.0,10.06,8280,2676.0,-79.0,0.26,135.0,147.0,106.0,141.89
2025-04-14 15:46:00,140.45,3071.0,188.76,2190.0,130.84,3035.0,265.64,1812.0,164.6,48.31,6106.0,4002.0,17.8,10108,2104.0,-4.5,0.13,135.0,145.0,109.0,141.09
2025-04-14 15:47:00,141.83,2924.0,209.66,2086.0,138.57,3298.0,280.6,2057.0,175.74,67.82,6222.0,4143.0,10.45,10365,2079.0,150.5,0.17,135.71,147.0,97.0,142.89
2025-04-14 15:48:00,142.56,3260.0,201.43,1415.0,140.35,2918.0,261.15,1426.0,171.99,58.87,6178.0,2841.0,30.91,9019,3337.0,-566.0,0.25,137.0,147.0,90.0,143.25
2025-04-14 15:49:00,139.23,2196.0,194.27,1873.0,131.87,2328.0,232.39,1814.0,166.75,55.03,4524.0,3687.0,16.24,8211,837.0,239.0,0.07,134.0,146.0,116.0,140.7
2025-04-14 15:50:00,141.37,4432.0,202.37,1583.0,137.17,2709.0,279.87,1617.0,171.87,61.0,7141.0,3200.0,13.56,10341,3941.0,13.0,0.31,137.5,145.0,98.0,141.76
2025-04-14 15:51:00,143.07,2480.0,212.69,1535.0,141.03,2484.0,257.95,1733.0,177.88,69.62,4964.0,3268.0,21.02,8232,1696.0,-63.5,0.17,137.0,147.0,84.0,142.8
2025-04-14 15:52:00,136.13,1878.0,183.51,1446.0,128.47,1203.0,245.77,1471.0,159.82,47.38,3081.0,2917.0,19.24,5998,164.0,-127.0,-0.0,127.0,147.0,84.0,138.8
2025-04-14 15:53:00,141.94,2408.0,192.01,1734.0,136.33,1428.0,263.06,1748.0,166.98,50.07,3836.0,3482.0,17.7,7318,354.0,85.5,-0.02,136.5,145.0,76.0,141.8
2025-04-14 15:54:00,141.89,2488.0,201.53,1796.0,139.79,2180.0,271.59,1751.0,171.71,59.64,4668.0,3547.0,17.81,8215,1121.0,-28.5,0.09,137.67,147.0,119.0,141.9
2025-04-14 15:55:00,142.56,2749.0,216.4,1960.0,140.19,3454.0,290.81,1935.0,179.48,73.84,6203.0,3895.0,26.22,10098,2308.0,71.0,0.17,136.75,147.0,114.0,142.84
2025-04-14 15:56:00,142.32,2980.0,196.66,1894.0,138.78,3012.0,272.89,1962.0,169.49,54.34,5992.0,3856.0,25.34,9848,2136.0,73.5,0.14,138.0,148.0,88.0,142.5
2025-04-14 15:57:00,140.41,2742.0,187.4,1707.0,133.43,3305.0,248.18,1905.0,163.91,46.99,6047.0,3612.0,14.74,9659,2435.0,-406.0,0.15,133.0,147.0,108.0,141.46
2025-04-14 15:58:00,140.9,4399.0,201.3,1931.0,133.35,4739.0,256.27,1991.0,171.1,60.39,9138.0,3922.0,19.96,13060,5216.0,172.0,0.32,134.2,148.0,92.0,141.5
2025-04-14 15:59:00,139.78,2683.0,187.35,2163.0,133.88,2664.0,260.26,2202.0,163.56,47.57,5347.0,4365.0,14.97,9712,982.0,119.0,0.05,132.0,148.0,117.0,141.85
