,Time,Mid-Price Actual,Mid-Price Predicted,Bid-Ask Spread Actual,Bid-Ask Spread Predicted,Order Imbalance Actual,Order Imbalance Predicted
0,07:30:00,292.0435593220339,321.1500294473928,14.32949152542373,41.22451024324176,0.0606779661016949,0.1263892406439729
1,07:31:00,303.58316666666667,309.13796191629206,6.406833333333334,25.261401481802256,-0.01,0.1295235760062931
2,07:32:00,299.4431666666667,310.2239697466457,6.5921666666666665,17.163983690003704,-0.0541666666666666,0.1228339480819266
3,07:33:00,295.2633333333333,307.80299626462886,7.471666666666667,14.87524923895642,0.1998333333333333,0.1182275887724708
4,07:34:00,292.242,305.173540735074,7.858833333333334,14.500656316292847,-0.0216666666666666,0.1372500142414997
5,07:35:00,291.9481666666667,302.80141970295733,7.864333333333334,14.433979940725902,-0.1343333333333333,0.1187268456589039
6,07:36:00,350.32866666666666,301.40271462923874,93.85783333333332,14.285896189595295,0.1641666666666666,0.1092846928009151
7,07:37:00,332.01050000000004,321.7062221425285,52.34666666666667,53.36137291949699,0.2618333333333333,0.1314954527289342
8,07:38:00,320.4413333333333,320.2240132108579,30.4445,45.59691155902961,0.2138333333333333,0.138298990533854
9,07:39:00,334.78633333333335,317.5285702104372,59.07166666666667,33.6836482611924,0.1493333333333333,0.1353719785590888
10,07:40:00,334.85066666666665,322.73708007090266,50.9445,43.51833911693037,0.2318333333333333,0.1312373669252296
11,07:41:00,293.15250000000003,324.36527623958006,51.36133333333333,42.74089288281361,0.0973333333333333,0.1384834889485641
12,07:42:00,345.49966666666666,310.3303045259036,72.088,42.89305662122875,0.3743333333333333,0.1281189888661917
13,07:43:00,311.05466666666666,326.04141218081486,36.873000000000005,52.56388826091874,0.1735,0.1510193382653581
14,07:44:00,311.22266666666667,316.8596316606671,64.772,39.4716819411434,0.1696666666666666,0.1356363121629123
15,07:45:00,341.26783333333333,315.51377024958646,67.55233333333334,48.659903442921376,0.3631666666666666,0.1368474911011179
16,07:46:00,329.874,325.6102483976373,67.00483333333334,52.71013493755495,0.1656666666666666,0.1528773349822003
17,07:47:00,322.9275,324.1044598094164,29.383666666666667,53.85507605125153,0.2308333333333333,0.1380607882323778
18,07:48:00,337.2588333333333,322.1719379633347,64.13016666666667,37.26294657266069,0.1886666666666666,0.1447159395525168
19,07:49:00,344.1245,327.14451745608045,73.1015,48.52230693319944,0.2361666666666666,0.1417917886075194
20,07:50:00,311.95300000000003,331.08742031741536,55.482,55.95165574981526,0.13,0.1463917374748038
21,07:51:00,316.87833333333333,321.17453795409284,7.009,50.25412809589103,0.3166666666666666,0.1384361712584947
22,07:52:00,315.05966666666666,320.9039866915643,4.8741666666666665,26.71898499383317,0.0988333333333333,0.1540897384993497
23,07:53:00,315.7178333333333,319.5008727873826,6.488333333333333,19.050710236273087,0.049,0.1370929466581852
24,07:54:00,314.9891666666666,319.0603407985248,4.742500000000001,17.45829495959491,0.099,0.1337765507158757
25,07:55:00,315.6685,318.38705492673137,8.548,16.003073876704438,0.1561666666666666,0.1371255908736036
26,07:56:00,302.7993333333333,318.2370481223019,6.062333333333333,17.12054935565416,0.1281666666666666,0.1411121070009547
27,07:57:00,320.7058333333333,313.3203476790227,30.46333333333333,16.09931333228184,0.1648333333333333,0.1387226080438883
28,07:58:00,335.1846666666667,318.2564405257574,47.20933333333333,26.78199431466765,0.2373333333333333,0.1417491763470846
29,07:59:00,337.557,324.27728609465146,52.391333333333336,37.35438900949259,0.164,0.1476978074619486
30,08:00:00,353.32483333333334,327.07807893267307,82.1905,42.72575978558935,0.1473333333333333,0.1423129449326808
31,08:01:00,324.791,334.353281477502,41.84583333333333,57.97540513294909,0.1228333333333333,0.1415687273968598
32,08:02:00,334.371,326.7158394550599,47.409666666666666,44.04480666325748,0.2878333333333333,0.139685346802887
33,08:03:00,333.8605,329.1754919667106,50.9555,42.86495324117079,0.2448333333333333,0.1530435868688221
34,08:04:00,333.748,329.502424028165,41.25066666666667,44.26711171057944,0.1236666666666666,0.1501369759154244
35,08:05:00,336.47633333333334,329.85223172041333,47.64066666666667,40.33928725535304,0.257,0.1415171852269882
36,08:06:00,329.1501666666666,331.19040955345014,62.4795,42.24000159730215,0.0631666666666666,0.1527668991849701
37,08:07:00,345.39666666666665,329.1332036688681,87.0925,49.638856717592056,0.4426666666666666,0.1373542019036006
38,08:08:00,323.49916666666667,334.7529373021884,43.825833333333335,63.13206709820945,0.1821666666666666,0.1683986431013642
39,08:09:00,327.03916666666663,328.3955303951486,34.153,47.391246094964686,0.2298333333333333,0.1481936321559669
40,08:10:00,344.4098333333333,328.50439250422454,80.773,38.73197550649315,0.1239999999999999,0.1538424936982481
41,08:11:00,309.05766666666665,334.4918744228216,45.75833333333333,57.665807904354224,0.1146666666666666,0.1456834129100344
42,08:12:00,330.0055,323.29988222079,43.117,47.15577673775053,0.2475,0.1452061662246135
43,08:13:00,343.89233333333334,328.2709396708374,81.54566666666666,43.13616633168688,0.0413333333333333,0.1556507279333469
44,08:14:00,314.3053333333333,333.8174203063724,26.709166666666665,59.62558878235738,0.184,0.1391994864813057
45,08:15:00,324.10183333333333,324.84531630905883,33.90933333333333,39.42592778361646,0.2668333333333333,0.1507624835017793
46,08:16:00,336.31666666666666,326.4335559408425,67.21483333333333,37.07499681099448,0.0936666666666666,0.1570347307797363
47,08:17:00,322.03766666666667,330.61878709264585,47.31666666666667,51.57904459940266,0.134,0.1437684875650378
48,08:18:00,334.69966666666664,326.5369945947104,69.29933333333334,46.688115145468096,0.4315,0.1473474115947681
49,08:19:00,332.4121666666667,330.3095079374945,56.964000000000006,55.42558376492018,0.2208333333333333,0.1710519229952898
50,08:20:00,324.5305,330.28710024976704,49.7625,52.41963153137128,0.1456666666666666,0.1552939204340146
51,08:21:00,340.0566666666667,327.7202768490023,61.67133333333333,48.429636239822464,0.1496666666666666,0.1509987708050123
52,08:22:00,328.20250000000004,332.71268784665136,40.75933333333333,52.83028552276912,0.3789999999999999,0.1515046457926004
53,08:23:00,322.20633333333336,329.6720106090042,59.660833333333336,44.6497783428733,0.0811666666666666,0.170057609909751
54,08:24:00,330.25166666666667,327.08906464507714,62.927,51.00965310262298,0.1881666666666666,0.1469595761369753
55,08:25:00,339.1476666666667,329.13024513938313,59.6725,54.37858327909065,0.1351666666666666,0.1564163858243183
56,08:26:00,324.4903333333333,332.62215069885576,67.3865,53.97260122190208,-0.0843333333333333,0.1517726044281903
57,08:27:00,338.27816666666666,328.42568331060966,64.57616666666667,57.50675373068636,0.3138333333333333,0.1339986272639659
58,08:28:00,337.31166666666667,332.602484320094,83.78183333333332,57.37788127708286,0.2331666666666666,0.1648811179458835
59,08:29:00,322.05100000000004,333.20511108464314,46.09166666666667,66.2655604810263,0.209,0.157934724544654
60,08:30:00,328.0955,328.23293041962376,50.771166666666666,51.80313113790973,0.125,0.1572899867423869
61,08:31:00,335.77233333333334,329.2118295513276,55.23733333333333,49.96978405754322,0.1996666666666667,0.1510803388730897
62,08:32:00,325.63416666666666,331.85473485682235,41.23233333333334,51.53724296714795,0.1841666666666666,0.1571847422576432
63,08:33:00,323.94283333333334,328.8991169199688,27.35233333333333,45.64661077638916,0.0908333333333333,0.1559549806248536
64,08:34:00,337.0673333333333,327.6827409233699,54.57116666666666,37.64489970536523,0.1848333333333333,0.1487440233130159
65,08:35:00,340.7273333333333,331.85053061046995,60.4435,47.71785303413149,0.0814999999999999,0.156115772426506
66,08:36:00,331.4448333333333,334.15493941819346,53.74733333333334,53.22687952206845,0.1723333333333333,0.1475202707475964
67,08:37:00,314.13100000000003,331.8218890404113,62.66816666666667,51.789150014694016,-0.0671666666666666,0.1546302486628746
68,08:38:00,328.32416666666666,325.0316940444408,48.61233333333333,55.51945286016777,0.372,0.1349385269180155
69,08:39:00,325.797,328.9771232967565,38.699333333333335,50.25412498761935,0.3101666666666666,0.1692571714209323
70,08:40:00,332.228,328.13412723720484,45.84283333333334,44.29855190781189,0.2408333333333333,0.1642851500223242
71,08:41:00,322.7095,330.0728152582831,35.777833333333334,45.85345249528056,0.0511666666666666,0.1606921238156622
72,08:42:00,339.08250000000004,327.01042129233593,64.55016666666667,41.67175602776513,0.041,0.1465090856521083
73,08:43:00,315.4375,332.1883523554921,34.698166666666665,53.558544667947984,-0.1575,0.1454753655784051
74,08:44:00,325.37183333333337,324.9082872324348,46.01733333333333,43.34625432791274,0.0669999999999999,0.1281607117338508
75,08:45:00,319.4818333333333,326.820253437307,46.11983333333333,45.59852185686016,0.0641666666666666,0.144170752490063
76,08:46:00,327.2943333333333,324.63432681701954,35.083666666666666,46.25483031474629,0.0588333333333333,0.1419094083532223
77,08:47:00,312.5561666666666,326.741115512108,63.56766666666667,41.39985815247937,0.0773333333333333,0.1407074507036174
78,08:48:00,345.1491666666667,321.72508058297166,71.49199999999999,52.94468604512173,0.359,0.1413245234933297
79,08:49:00,326.86333333333334,332.062445208685,35.814166666666665,59.85779433446968,0.2741666666666666,0.1633210724364627
80,08:50:00,329.4456666666667,327.9400055259734,41.47683333333334,45.69972241151284,0.3301666666666666,0.1571383850232511
81,08:51:00,335.8421666666666,328.5199322670717,51.515166666666666,44.29755493164453,0.0025,0.1634328723981053
82,08:52:00,342.558,330.9077983806995,64.95066666666666,48.43382438689998,0.1371666666666667,0.1382504938791507
83,08:53:00,329.3778333333333,334.0823130567244,50.68566666666666,55.71772005059444,0.163,0.1493218547821445
84,08:54:00,325.066,330.5751630924049,46.7945,51.35767205065928,-0.0796666666666666,0.1504642515962655
85,08:55:00,336.7785,328.51196174882307,61.89033333333334,48.412837594280624,0.0741666666666666,0.1308178176725316
86,08:56:00,330.845,332.01425467199783,43.81066666666666,54.4644327715864,0.1638333333333333,0.142217090614392
87,08:57:00,316.672,330.6727249079397,38.229000000000006,48.00563087362352,-0.057,0.1478945489550943
88,08:58:00,315.91133333333335,325.47890282571615,70.13816666666666,43.65700969694845,0.3215,0.1297521998807143
89,08:59:00,328.0888333333333,323.67477643126495,43.325833333333335,56.901178473771296,0.1521666666666666,0.1594917702134235
90,09:00:00,326.552,326.9651234382416,30.113333333333333,48.51421097289237,0.2251666666666666,0.1455667050447756
91,09:01:00,326.5156666666666,326.90180742353806,29.779666666666667,40.16117732343414,0.2046666666666666,0.1524717865916789
92,09:02:00,329.533,326.981153338868,49.916,37.5683370681634,0.0013333333333333,0.1511313045977588
93,09:03:00,330.37083333333334,328.07661468521064,35.540166666666664,45.87308364210418,0.1035,0.1353823431248102
94,09:04:00,328.0085,328.68228246072937,53.56133333333333,41.63295396676061,0.2376666666666666,0.1431750729831983
95,09:05:00,339.2943333333333,328.1089319291419,54.267500000000005,48.56742197456064,0.2261666666666666,0.1529882097235525
96,09:06:00,338.35400000000004,332.11252657612243,53.3645,50.8424680677519,0.2936666666666667,0.1523115639322971
97,09:07:00,338.261,332.93910422605336,51.56,51.11040725222659,0.299,0.1586237982375755
98,09:08:00,338.58250000000004,333.6038726663445,50.04666666666667,50.4091485370629,0.2029999999999999,0.1601310338610103
99,09:09:00,332.4538333333333,334.2383272049472,35.468333333333334,49.5584215850641,0.1786666666666666,0.153787047649053
100,09:10:00,297.782,332.48526743923753,47.06033333333333,42.71742192006366,0.0316666666666666,0.1527744519700385
101,09:11:00,335.87833333333333,319.7183654582964,39.382333333333335,46.008721156213134,0.3361666666666666,0.1411676902132948
102,09:12:00,346.7076666666666,329.67111101504975,63.97633333333333,43.41842443095258,0.2023333333333333,0.1653346177566822
103,09:13:00,339.7808333333333,335.0824028784265,47.58383333333334,53.81910903866372,0.1656666666666666,0.1547365413942257
104,09:14:00,332.51550000000003,334.61000992398976,41.35116666666667,49.35716558511477,-0.046,0.1529969934633817
105,09:15:00,342.836,332.61400190366413,53.25866666666666,45.2988810205373,0.177,0.1360623340111658
106,09:16:00,331.24466666666666,336.0551872851667,28.94633333333333,49.54318479756351,0.0578333333333333,0.1531663606577335
107,09:17:00,324.4936666666666,332.8483305148259,42.79166666666666,39.70955362419285,0.0716666666666666,0.1425690429847938
108,09:18:00,335.73716666666667,329.9001855282943,57.59883333333333,43.14792104746113,0.0753333333333333,0.1434149769554255
109,09:19:00,336.5998333333334,332.95695997406966,50.455333333333336,50.784676051049374,0.07,0.1427993650135889
110,09:20:00,343.4916666666667,333.8005216095574,66.6285,49.71994695722654,0.0705,0.1416091379357767
111,09:21:00,308.8025,336.7164163676157,34.73083333333333,56.79740158458782,0.0615,0.140888550407779
112,09:22:00,332.6836666666667,325.2600732037558,69.65916666666666,44.40764426225945,0.1348333333333333,0.1393846259582442
113,09:23:00,344.68583333333333,330.9267645158817,83.53366666666668,56.74856273391167,0.1205,0.1445225612978814
114,09:24:00,342.14216666666664,335.8232626020654,59.739,66.62217104794804,0.0428333333333333,0.1428705453997393
115,09:25:00,303.4796666666667,336.47895113622343,32.29483333333334,58.80849763703627,-0.0558333333333333,0.1364213394185111
116,09:26:00,330.5828333333333,323.3615051874289,24.456333333333337,44.27788064864938,-0.0051666666666666,0.127779110240936
117,09:27:00,338.8176666666667,329.6235560538264,71.38216666666668,36.58799885809431,0.1363333333333333,0.1303869688155756
118,09:28:00,341.69216666666665,333.1028025661963,46.00066666666667,55.59719530436652,0.251,0.1401673923968111
119,09:29:00,342.35716666666667,335.2387945664593,54.273,49.47119249445478,0.1465,0.1487747680262129
120,09:30:00,341.5371666666667,336.49946841287,65.0265,51.51881653476989,0.1818333333333333,0.1408163504001022
121,09:31:00,348.37916666666666,336.9877945197284,58.51366666666667,57.00197854004993,0.3051666666666666,0.1443070051228222
122,09:32:00,344.60316666666665,339.94377694371923,54.70116666666667,55.67862330169593,0.1961666666666666,0.1545199155197048
123,09:33:00,352.1766666666666,339.70813203059606,62.87133333333334,53.65573861144114,0.115,0.1466181562890665
124,09:34:00,345.7683333333333,342.8959367109509,45.89266666666666,56.84486572609284,0.218,0.1411062749920337
125,09:35:00,342.3075,341.7827907996943,56.21866666666666,50.11933709382089,0.0393333333333333,0.1495647566426955
126,09:36:00,341.638,340.76603656328524,44.839666666666666,52.920847003711565,-0.0061666666666666,0.1351885378162685
127,09:37:00,348.7701666666666,340.45188753790035,44.74633333333334,48.57619557509404,0.2171666666666666,0.1313847876743292
128,09:38:00,355.4,342.9788536191505,56.62033333333333,47.295992226912304,0.3553333333333333,0.1482710707888568
129,09:39:00,349.44066666666663,346.159822205049,41.39933333333333,52.28706103642892,0.331,0.1591250875645264
130,09:40:00,338.391,345.30860410261954,22.067,46.80600354647966,0.2933333333333333,0.1586084330407044
131,09:41:00,357.09616666666665,341.6582150667642,62.175,36.45773137028239,0.2815,0.1574954716706361
132,09:42:00,343.3856666666667,347.5332363999666,36.386,51.58256509646873,0.1643333333333333,0.1581172285925304
133,09:43:00,336.82116666666667,344.0638447669819,33.434666666666665,44.154327705758895,0.3231666666666666,0.149810613490535
134,09:44:00,332.894,341.2990218895545,20.064166666666665,40.66753950987613,0.2691666666666666,0.1635653354838008
135,09:45:00,347.9986666666666,338.9993877594599,57.15233333333333,33.519481248856266,0.2243333333333333,0.1599271626095972
136,09:46:00,344.41633333333334,343.45749542226577,36.10083333333333,48.13367715176754,0.2693333333333333,0.1576945956851821
137,09:47:00,344.0035,343.1310250506816,41.39083333333333,42.6977994240604,0.2451666666666666,0.1622706698537156
138,09:48:00,320.9678333333333,343.12429636660613,18.876166666666663,43.49935334424635,0.2151666666666666,0.1611315314552769
139,09:49:00,331.3118333333333,334.93301486431324,42.64366666666667,33.47388360709808,0.3656666666666667,0.159642647048849
140,09:50:00,345.0278333333334,336.3288510195003,53.85266666666666,41.24077576734386,0.2136666666666666,0.1727702414853917
141,09:51:00,338.52433333333335,340.7541138631051,20.586166666666667,48.43201115602097,0.3788333333333333,0.1614442337054356
142,09:52:00,337.681,339.40435250855177,51.73066666666667,35.417193048606194,0.1731666666666666,0.1764981037521446
143,09:53:00,353.4095,339.03140086193866,50.5365,45.70226761207834,0.2753333333333333,0.1606749535630441
144,09:54:00,349.0288333333333,344.5324816342815,50.813,48.054029510155296,0.0424999999999999,0.1703376265569099
145,09:55:00,360.3191666666667,344.47312230674873,70.76883333333333,48.86314143623705,0.0531666666666666,0.1515081291169387
146,09:56:00,356.2776666666667,349.11165791367745,61.04616666666666,58.14985396616031,0.2265,0.1523246462069962
147,09:57:00,337.224,349.2826629531383,56.68966666666667,56.51151254587412,-0.0285,0.1653662967087478
148,09:58:00,341.86116666666663,343.16870377500214,65.19233333333334,54.194190698342,0.043,0.1439839385942879
149,09:59:00,343.7196666666667,343.4735664023082,37.87566666666667,57.47154340368072,0.1934999999999999,0.1492949513958526
150,10:00:00,361.6175,343.79318007979464,80.9845,46.15391136117988,0.232,0.1600558380691081
151,10:01:00,370.08416666666665,350.20419201459595,101.5755,62.428164758144746,0.2643333333333333,0.1627865023525858
152,10:02:00,347.7705,355.1204380692646,50.65983333333334,76.53551349256561,0.0798333333333333,0.1660076417498582
153,10:03:00,333.2701666666666,349.2249095900318,52.881166666666665,57.80597020758716,0.1446666666666666,0.1515864669059241
154,10:04:00,334.1603333333333,343.2626743729096,34.57283333333333,53.62001649070327,0.3128333333333333,0.1570495370802302
155,10:05:00,348.46933333333334,341.70192943624875,43.7225,44.19672116824604,0.157,0.1703519836931276
156,10:06:00,364.47816666666665,345.7230553726814,76.48933333333333,45.6020185836945,0.3861666666666667,0.1581017006544464
157,10:07:00,355.89883333333336,352.1650254795805,65.66766666666666,60.75822591786179,0.1873333333333333,0.1778327816621719
158,10:08:00,322.3086666666667,351.15657747868295,65.569,60.26764544905721,0.0043333333333333,0.162352836949522
159,10:09:00,351.636,339.52378587973345,58.83166666666667,60.20343447049614,0.3324999999999999,0.1484937254313815
160,10:10:00,338.187,347.0888637250136,45.26983333333333,57.25070147789337,0.0791666666666666,0.1748190576921769
161,10:11:00,338.62916666666666,343.2128617331985,97.59833333333331,50.35670542432272,0.0681666666666666,0.1538341405097011
162,10:12:00,339.61716666666666,342.60277544031953,34.86816666666667,72.05562413654096,0.2206666666666666,0.1534287614826657
163,10:13:00,342.988,342.45487536256684,42.6775,50.09916417218635,0.1118333333333333,0.1649375261492172
164,10:14:00,344.0875,343.3820497390124,48.783,47.37916148058558,0.1129999999999999,0.1557283339369765
165,10:15:00,356.8176666666667,343.87870534215983,69.73,49.303752597285566,0.1411666666666667,0.1558719724595359
166,10:16:00,348.41183333333333,348.60232442428145,60.903666666666666,59.26670580891701,0.201,0.1576002878584453
167,10:17:00,347.23116666666664,346.9546406219498,40.71383333333333,58.1901325110563,0.1985,0.1621329252687832
168,10:18:00,349.753,346.6134200174615,43.67433333333334,48.84582566626696,0.1995,0.1619773874137873
169,10:19:00,356.7573333333333,347.4982568662826,69.46466666666667,47.48997298741449,0.2456666666666666,0.1624170463866235
170,10:20:00,363.0423333333334,350.2967839665416,69.76383333333334,58.682867169032185,0.0836666666666666,0.1665437878460217
171,10:21:00,338.3138333333334,353.4989203360197,35.60166666666667,62.06354377652399,0.2181666666666666,0.1537458170800664
172,10:22:00,331.6288333333333,345.92334414766265,40.559333333333335,47.72238163862384,0.0334999999999999,0.1648160916897791
173,10:23:00,339.29066666666665,341.9552585543248,48.57783333333334,45.837527663971855,0.2266666666666666,0.1493872216833898
174,10:24:00,338.168,343.0318778979725,25.949,48.837445332368375,0.106,0.1649108695671952
175,10:25:00,335.51266666666663,342.2413483961825,33.029833333333336,39.43014731634007,0.0218333333333333,0.1545502839407829
176,10:26:00,341.94283333333334,340.8412985528652,30.703166666666668,39.8039392549514,0.2653333333333333,0.1477158207899332
177,10:27:00,346.2588333333333,342.5364821278701,42.17933333333334,38.71136942120243,0.4881666666666666,0.1666412409345159
178,10:28:00,346.16266666666667,344.2299088166179,39.44783333333333,43.42860056215532,0.065,0.1847487553940489
179,10:29:00,323.9135,344.680396516213,27.22833333333333,43.44272433393108,0.0341666666666666,0.1521234449027836
180,10:30:00,342.2043333333333,336.9493027364025,54.65983333333334,37.84971683325537,0.1684999999999999,0.1507547973210304
181,10:31:00,337.7128333333333,341.4433071106296,31.41733333333333,48.49351338386677,0.13,0.1604468052179015
182,10:32:00,354.477,340.23645123343465,69.89016666666666,41.01518870652791,0.2425,0.1566115759400391
183,10:33:00,343.349,346.0225883755146,47.001,56.13573541690542,0.1508333333333333,0.1657345174860754
184,10:34:00,354.78683333333333,343.52030232149446,57.428,50.19891708895021,0.3583333333333333,0.1583732284357884
185,10:35:00,349.2925,347.50813787353366,51.834,53.22296733199124,0.2871666666666667,0.1757624955831703
186,10:36:00,352.5226666666667,346.6430958696502,55.21566666666667,51.61011489172865,0.4173333333333333,0.1707612820619054
187,10:37:00,340.9243333333333,348.0339577072585,34.042,52.70029295784846,0.4785,0.1831652234674101
188,10:38:00,339.0933333333333,344.40246786833603,45.10366666666667,43.50908099189228,0.1683333333333333,0.1901896259307445
189,10:39:00,357.303,342.9770977589636,74.11983333333333,45.80497431487232,0.2893333333333333,0.1672392195841837
190,10:40:00,329.25783333333334,348.86634343404,43.25833333333333,59.483823500298826,0.096,0.1788576265588473
191,10:41:00,333.7043333333333,340.1991222755141,26.59,49.59586608655964,0.1628333333333333,0.1631693668447759
192,10:42:00,349.49733333333336,339.88081479399864,59.40933333333333,39.27491645842854,0.0494999999999999,0.1688962829014882
193,10:43:00,337.1581666666667,344.7265351030651,29.325666666666667,50.990732170424295,0.2641666666666666,0.158871009659261
194,10:44:00,353.63866666666667,341.2894635110643,60.45633333333333,40.80625178541172,0.3,0.1759748078978367
195,10:45:00,347.77983333333333,346.5771206323828,53.50216666666667,51.803001641472605,0.0551666666666666,0.1786977002520993
196,10:46:00,341.4495,345.71933684992325,49.72116666666667,51.84629831182837,0.0523333333333333,0.1595208776312544
197,10:47:00,323.2151666666667,343.6799464921383,29.993,50.1917173952704,0.1206666666666666,0.1592377131345508
198,10:48:00,338.31266666666664,336.6624015497809,42.76200000000001,40.85922385659335,0.164,0.163523648842568
199,10:49:00,335.42583333333334,339.9203166123682,43.82,43.83924865189447,0.3241666666666666,0.1661948677360891
200,10:50:00,339.191,338.9227641072647,63.016,45.10303717198951,0.0678333333333333,0.1791676369725643
201,10:51:00,321.26166666666666,339.9271527543964,32.071,54.05354992872361,0.0726666666666666,0.1586021205149754
202,10:52:00,338.65166666666664,333.5668373141063,44.68033333333334,42.75996062671783,0.3193333333333333,0.1592527488920078
203,10:53:00,341.9723333333333,337.9742058005693,51.195,45.13337149821299,0.2326666666666667,0.1785290194966192
204,10:54:00,313.73566666666665,339.6385725611244,66.77416666666666,48.69851295064177,0.3045,0.1715469136093969
205,10:55:00,320.09083333333336,330.0629681232477,32.39,56.72452433569275,0.201,0.1786328662929254
206,10:56:00,304.3591666666667,329.67604172135754,49.67516666666667,43.66422415432817,0.133,0.1709388237810863
207,10:57:00,338.475,322.9436651246386,42.51366666666667,47.6405399700728,0.178,0.1660781564360892
208,10:58:00,348.1406666666666,332.68533452775364,45.90316666666667,45.54880567071265,0.1583333333333333,0.1696393246676221
209,10:59:00,335.67316666666665,337.7990076557853,63.717333333333336,46.43830819742532,0.156,0.1677345122788517
210,11:00:00,342.3985,335.2476227686415,47.79516666666667,54.67249565479768,-0.0351666666666666,0.1674475794790494
211,11:01:00,352.84083333333336,337.6713505864678,49.72583333333333,49.95171160941137,0.196,0.1513251210749121
212,11:02:00,338.79016666666666,342.14569815457213,51.944,49.48703831371713,0.1373333333333333,0.169304415218338
213,11:03:00,350.7883333333333,338.6724776236806,45.7605,50.36190040234706,0.1031666666666666,0.1633805457611393
214,11:04:00,352.764,342.68928917096343,75.409,47.85586573594169,0.1113333333333333,0.1605528836950913
215,11:05:00,349.69166666666666,344.5179382726873,49.21866666666666,60.44357818287399,0.106,0.1606346686711342
216,11:06:00,351.56516666666664,344.4465084243567,58.726,52.42660878542962,0.11,0.1594923896682102
217,11:07:00,354.7318333333333,345.60565255384057,72.87233333333333,54.44135664489613,0.26,0.1591741030121581
218,11:08:00,365.6346666666667,347.37660725912923,76.53766666666667,61.43135192047148,0.1821666666666666,0.1709510146946274
219,11:09:00,345.62416666666667,352.16655379240785,34.652,65.22585056480665,0.3446666666666667,0.1646115531562824
220,11:10:00,347.7871666666667,346.7654111930392,39.522000000000006,47.68649389498027,0.232,0.1786506393898028
221,11:11:00,334.46216666666663,346.8377253057381,43.98683333333334,44.81406494273305,0.1681666666666666,0.1701890639388344
222,11:12:00,337.1261666666667,341.8968471159665,52.8595,45.92728173477832,0.076,0.1661232914234785
223,11:13:00,368.1756666666667,341.4562596116117,110.65266666666666,50.17468402882112,0.2705,0.1586764067227307
224,11:14:00,341.10383333333334,351.99666746688297,24.655166666666663,77.35056179723554,0.3796666666666667,0.1742438999225988
225,11:15:00,334.98383333333334,344.98881542576737,28.091666666666665,46.87756325638623,0.1936666666666666,0.1832763499579867
226,11:16:00,328.7958333333333,341.8729034868417,15.948166666666667,39.6148453089075,0.0735,0.1694163813830376
227,11:17:00,335.8858333333334,338.4477086609674,14.595333333333334,31.95067064593813,0.1525,0.1605770168181532
228,11:18:00,330.63733333333334,339.5451501042335,17.764499999999998,28.91581025639262,0.1971666666666666,0.1666146340470721
229,11:19:00,328.12533333333334,337.339546549237,6.361833333333333,29.208555308581317,0.1111666666666666,0.1696243918239237
230,11:20:00,318.1085,335.5981701043484,6.207833333333334,23.92098495110653,0.1275,0.1624674680259435
231,11:21:00,316.79650000000004,331.07522624442475,8.1,22.03383209230316,0.1793333333333333,0.1636230438667298
232,11:22:00,349.78883333333334,328.842763048374,46.6,22.031433495069923,0.4035,0.1673028108558888
233,11:23:00,324.7676666666667,339.3000795093069,10.866,39.05261112980735,0.1818333333333333,0.1857189272734666
234,11:24:00,334.1073333333333,332.5501715030627,16.267333333333333,27.81002242451841,0.2193333333333333,0.1684634729160985
235,11:25:00,331.53066666666666,334.76794875167457,24.84916666666667,26.80175043315849,0.1033333333333333,0.1728558960759258
236,11:26:00,333.4905,333.977630638386,54.91583333333333,30.15824911193883,0.1441666666666666,0.1633381598573434
237,11:27:00,350.97533333333337,334.4501201883725,45.2185,44.469727990625216,0.2645,0.1665696215672145
238,11:28:00,333.8245,340.7418835447955,40.41866666666667,44.2591880945525,0.0223333333333333,0.1759623970856085
239,11:29:00,352.4721666666667,336.3439843736012,51.89433333333333,42.06678778807361,0.1806666666666666,0.1561211411859815
240,11:30:00,331.6573333333333,342.4843909895656,90.53,46.58057096800724,-0.0013333333333333,0.1689584086162519
241,11:31:00,332.19066666666663,336.5831030160962,70.69666666666667,65.27653099475098,0.1331666666666666,0.1529757735589713
242,11:32:00,354.99016666666665,335.72253837282994,50.977833333333336,62.02346285967069,0.2973333333333333,0.1633178468043778
243,11:33:00,354.319,343.30272781266353,53.04783333333333,52.44455286947722,0.1703333333333333,0.1757341918257451
244,11:34:00,331.597,345.0141579508323,51.29216666666667,50.72222133869656,0.086,0.1656662037465713
245,11:35:00,346.0305,338.12495387405767,42.13466666666667,49.50959730291913,0.0936666666666666,0.1593315379648021
246,11:36:00,341.65616666666665,341.9088350388446,32.6115,45.1021200691465,0.1726666666666666,0.1594341596178818
247,11:37:00,342.6491666666667,340.9390018584379,44.31316666666667,39.558746318382646,0.1583333333333333,0.165097190286071
248,11:38:00,346.44983333333334,341.27918917235604,35.023,43.15202751631989,0.2018333333333333,0.1634959965348907
249,11:39:00,358.6898333333333,342.7692378220358,57.42116666666666,39.98978833922371,0.156,0.167058958943561
250,11:40:00,329.7941666666667,347.6730715342961,56.045,49.07479982451592,0.2256666666666666,0.1633157451751419
251,11:41:00,340.59683333333334,338.945734046799,41.288,51.11656016090171,0.1133333333333333,0.1691842923046585
252,11:42:00,363.0446666666666,341.01145712027983,68.15666666666667,45.1528073950954,0.1831666666666666,0.1600126799801295
253,11:43:00,337.3005,349.00332814807115,30.259666666666664,55.49785931268839,0.1025,0.165779341760289
254,11:44:00,339.0953333333334,342.0487498424998,33.263333333333335,41.593467628404994,0.2406666666666666,0.1588147162547107
255,11:45:00,351.93583333333333,341.6209756920514,42.2905,38.89349762708674,0.2853333333333333,0.1699873060879002
256,11:46:00,346.05216666666666,345.7340338071299,34.277833333333334,42.086760983496674,0.3696666666666666,0.1736525827813954
257,11:47:00,352.0366666666667,344.6356572038273,58.2305,39.37383278676275,0.2275,0.1816500261109684
258,11:48:00,347.13050000000004,346.87500987044183,42.30133333333333,49.26653224527188,0.1346666666666666,0.1714050945813522
259,11:49:00,343.1888333333334,345.83837123710225,36.77933333333333,45.02085644057191,0.1458333333333333,0.1649705770933327
260,11:50:00,349.15933333333334,344.4515403824513,39.39866666666667,41.32428182849879,0.4923333333333333,0.165881865740487
261,11:51:00,325.4211666666667,346.24692248707606,40.2595,41.39155895115277,0.1113333333333333,0.1942912940026748
262,11:52:00,333.65183333333334,338.1503275367542,53.36283333333333,41.75524502182235,0.003,0.1640606251013069
263,11:53:00,347.002,338.9371048007782,37.789,47.69989717607625,0.1363333333333333,0.1564366717116002
264,11:54:00,364.103,343.0881269931044,70.92666666666668,42.46454241550727,0.1406666666666666,0.1660891330288184
265,11:55:00,368.0701666666666,350.10558169149704,92.063,55.78544033515262,0.2053333333333333,0.1652978560919921
266,11:56:00,327.46733333333333,353.8645816580964,27.067666666666664,69.24611754797624,0.2773333333333333,0.170326048290874
267,11:57:00,336.23400000000004,341.3001292639344,42.60483333333333,44.2554561461076,0.1055,0.1762651060962576
268,11:58:00,345.741,341.7707784842637,53.66983333333334,44.008040280887485,0.087,0.1626552462231113
269,11:59:00,355.416,344.3029947895323,42.522333333333336,48.86710780833173,-0.0028333333333333,0.1612841933173485
270,12:00:00,360.17983333333336,348.12479056966737,58.575500000000005,45.30830377787858,0.2195,0.152880762879072
271,12:01:00,356.35716666666667,351.0460459039193,44.641,51.46117541815712,0.4175,0.1700220734973254
272,12:02:00,329.2505,351.0097542142286,35.90433333333333,47.058823562039606,-0.049,0.1857901451302871
273,12:03:00,353.5638333333334,341.8634566043315,40.38133333333334,41.88759097307459,0.2508333333333333,0.1485825353480898
274,12:04:00,343.49066666666664,348.2996505020458,45.9715,42.34891385106379,0.2141666666666666,0.1735690697434621
275,12:05:00,347.87966666666665,345.6163517869091,57.28283333333333,44.93836197036574,0.0608333333333333,0.1695969363409902
276,12:06:00,328.7188333333333,346.7971742007611,51.972,50.73573617501536,0.2091666666666666,0.1576270481448564
277,12:07:00,351.1995,340.1125019215872,37.6565,50.084060647840936,0.1178333333333333,0.1694723058940265
278,12:08:00,338.76533333333333,346.33233269093745,25.843166666666665,43.533832121032304,0.3195,0.1614606895414474
279,12:09:00,364.399,342.88432966726816,59.057833333333335,36.32269740554028,0.1851666666666666,0.1780545686815872
280,12:10:00,352.58,351.4418414708088,39.6795,49.00151114183766,0.1751666666666666,0.167378001491021
281,12:11:00,384.2843333333333,349.40236148884094,84.51733333333333,44.0150617392362,0.1511666666666666,0.1674160203751561
282,12:12:00,352.7021666666667,361.0598085315996,64.93683333333334,62.6172493996019,-0.0055,0.1654144042266672
283,12:13:00,373.5305,353.2950313411467,70.33533333333334,59.421721718742816,0.2101666666666666,0.1523377846608159
284,12:14:00,338.0653333333333,360.02380386212303,29.524166666666662,61.07336048474612,0.1076666666666666,0.1690829767207475
285,12:15:00,358.0866666666667,349.1576004262735,36.080666666666666,43.44895759953191,0.145,0.1598340240971086
286,12:16:00,333.23566666666665,353.9717045325922,5.920333333333334,41.25553901375755,-0.1183333333333333,0.1628455949288191
287,12:17:00,344.87816666666663,345.69658460525545,22.118666666666662,27.04185235226517,0.1513333333333333,0.1405916837275867
288,12:18:00,342.22,347.678710804814,6.194833333333333,29.96576973653685,0.1576666666666666,0.1612276093447305
289,12:19:00,343.8425,346.4809083134171,7.892333333333334,23.462962958049957,0.1915,0.1600942384410226
290,12:20:00,340.5816666666667,346.5543490801214,6.6965,22.078104568217903,0.1701666666666666,0.1628505896225071
291,12:21:00,341.4135,345.15940936311034,16.864166666666666,20.86260518288555,0.2265,0.1611552173118081
292,12:22:00,340.5323333333333,344.9011303371669,6.482,24.79983743233013,0.0818333333333333,0.1659422304654189
293,12:23:00,340.457,344.2387269494743,6.1475,21.053866556651585,0.1755,0.1543149315341895
294,12:24:00,338.5551666666667,343.82040141447567,7.992500000000001,19.570334122747127,0.1121666666666666,0.1619033277371218
295,12:25:00,326.79966666666667,342.8082545233269,10.3795,19.70915096363032,0.0005,0.1562331580601882
296,12:26:00,373.3585,338.1250411811397,70.9675,20.574673721470063,0.2915,0.1468077524286677
297,12:27:00,356.9235,353.092468352046,36.9485,47.80851961869526,0.1964999999999999,0.1696184212529544
298,12:28:00,356.04200000000003,350.9511491157717,32.6785,40.50999806168959,0.1071666666666666,0.1615778637182058
299,12:29:00,350.9905,351.3803253414969,19.73166666666667,36.51320385180071,0.1316666666666666,0.1551203365394247
300,12:30:00,342.30766666666665,350.0592419331994,8.236333333333333,29.52616344558957,0.2638333333333333,0.1569415473108735
301,12:31:00,344.2486666666667,346.8378085983002,7.98,22.241417239003745,0.1331666666666666,0.1673260885039513
302,12:32:00,343.5181666666667,346.6007194568312,6.170166666666666,19.831375711582798,0.1418333333333333,0.1569075840546377
303,12:33:00,340.8835,345.95042295168906,7.4465,18.109045126754,0.109,0.157989110015291
304,12:34:00,336.6986666666666,344.66666643625246,7.063,17.957358494857097,0.046,0.1549394406688374
305,12:35:00,343.564,342.64646602218204,7.073333333333333,17.520079152186767,0.2531666666666666,0.1493411808314413
306,12:36:00,338.91316666666665,344.26423219278,5.879166666666666,17.182675742599606,0.2256666666666666,0.1654764627218414
307,12:37:00,341.115,342.7187262652674,8.033,16.337318895524497,0.0625,0.163056606817035
308,12:38:00,342.543,343.0330524306224,4.8886666666666665,16.85035991591679,0.168,0.1504726472534094
309,12:39:00,340.1671666666667,343.4095094021627,6.605333333333333,15.387308353605162,0.0925,0.1589143883315599
310,12:40:00,341.8006666666667,342.5745096774281,7.972333333333333,15.531822806590398,0.0931666666666666,0.1521452515313446
311,12:41:00,342.6945,342.87502309829915,5.696,15.993950223334023,0.2053333333333333,0.151883987210097
312,12:42:00,327.8258333333333,343.1421151991551,7.654666666666667,14.922341580439332,0.0036666666666666,0.1603666551700587
313,12:43:00,343.1625,337.8695668448607,7.985666666666666,15.309386737626903,0.155,0.1436585043973926
314,12:44:00,344.6273333333333,341.76252590134345,9.399,15.397892783371542,0.0128333333333333,0.155520355276326
315,12:45:00,328.00983333333335,342.7935489457301,7.618666666666667,15.896636113017603,-0.0923333333333333,0.1429567191243554
316,12:46:00,363.4501666666666,337.3065024831839,52.48766666666667,15.08898466548738,0.1953333333333333,0.1334912682322304
317,12:47:00,344.05766666666665,348.43579857707067,7.389666666666667,34.91291804596034,0.0213333333333333,0.1550995015096044
318,12:48:00,343.0461666666667,344.2418656264753,7.23,20.442987943933915,0.1205,0.1396829542734453
319,12:49:00,343.66683333333333,343.6372484668354,6.748,16.10589466335538,0.247,0.1474425058018065
320,12:50:00,342.42,343.6382344973598,6.805166666666667,14.502369986215928,0.2443333333333333,0.1569601672445387
321,12:51:00,343.152,343.1398161678838,7.628,13.917274767106854,-0.0643333333333333,0.1571384026191596
322,12:52:00,344.655,343.2467494101037,6.202333333333333,13.967332250633127,0.0298333333333333,0.132725032558988
323,12:53:00,337.90316666666666,343.7615531378005,8.526333333333334,13.204655307028116,0.1463333333333333,0.1397269012247247
324,12:54:00,325.3411666666667,341.5068101086082,7.468333333333333,13.885557388845143,0.0708333333333333,0.147455465657943
325,12:55:00,337.0323333333333,336.4263893785141,46.57116666666666,13.474416124001522,0.076,0.1406352627252602
326,12:56:00,356.278,338.8428354349319,44.73566666666667,30.83262469751276,0.2368333333333333,0.1406468065645243
327,12:57:00,361.40383333333335,345.70277764338954,38.831,35.12052860397597,0.236,0.1531189906435033
328,12:58:00,362.1495000000001,349.48552970737575,45.863166666666665,33.84854614492466,0.36,0.153185393187574
329,12:59:00,355.0061666666667,351.5845154323798,61.54666666666667,36.78056236202217,0.1966666666666666,0.1644258902155604
330,13:00:00,356.405,350.41263322694715,68.72116666666668,44.85700461257538,0.0676666666666666,0.1524740476198257
331,13:01:00,353.4488333333333,351.2007366605685,70.90983333333334,50.68431921426922,-0.0951666666666666,0.1431544863888323
332,13:02:00,358.36283333333336,350.6138051435248,40.17433333333334,53.67941690574846,0.076,0.129375719257153
333,13:03:00,363.588,352.47837053917465,48.7515,41.00243071608918,-0.0645,0.1417429997935469
334,13:04:00,375.72366666666665,355.0295364517712,85.08649999999999,41.359291404732346,0.0916666666666666,0.1283661720942729
335,13:05:00,354.753,360.46427718703353,29.91,57.97354357549664,0.377,0.1398662032421238
336,13:06:00,347.56066666666663,355.0911459513489,55.96266666666667,38.31888059216916,0.0655,0.162186361522873
337,13:07:00,334.2008333333333,351.87507786959816,12.867333333333333,44.400506568859726,0.0875,0.137382254911747
338,13:08:00,343.6086666666667,346.04341648859224,10.452666666666666,26.977877886395,0.2556666666666666,0.140039517899725
339,13:09:00,335.41,347.3597124455445,6.076833333333334,20.750899782205455,-0.0643333333333333,0.1531260773571061
340,13:10:00,330.33416666666665,344.03053745167534,7.304166666666666,16.848025028741443,0.06,0.1269686875828384
341,13:11:00,331.42383333333333,341.01981470280043,5.557,16.095358520799902,0.2098333333333333,0.1367035016379342
342,13:12:00,353.65333333333336,339.99000332115463,36.88166666666667,14.919636768433715,0.3196666666666666,0.147465561384233
343,13:13:00,348.2221666666667,346.9987507642931,16.443166666666666,28.476917021881302,0.2448333333333333,0.1565900477806711
344,13:14:00,346.29150000000004,346.63446782073794,10.511166666666666,23.2278568814416,0.2428333333333333,0.151736073479441
345,13:15:00,340.8453333333334,346.33076285192215,6.728,18.967640943533915,0.2151666666666666,0.1530280072775266
346,13:16:00,335.43333333333334,344.41479456806195,8.811,15.912261828962547,0.301,0.1516974154369183
347,13:17:00,339.44466666666665,341.9192869457834,7.28,15.80992672288257,0.078,0.1596465802804514
348,13:18:00,341.192,342.3903424293516,41.19533333333333,14.9473167772904,0.006,0.1422578062665314
349,13:19:00,372.1041666666667,342.74764596943305,62.907,29.7909649522392,0.1905,0.1367129195117703
350,13:20:00,364.258,353.7383933176143,45.47183333333333,43.91242284542428,0.1776666666666666,0.150801465453538
351,13:21:00,373.42716666666666,354.0981034644029,60.739333333333335,40.36417121812466,0.2273333333333333,0.1491892398982035
352,13:22:00,361.95916666666665,358.7056971087499,40.0105,46.36203022988963,0.1571666666666666,0.153728547504447
353,13:23:00,368.662,356.55749192033767,85.30316666666666,38.98968754575843,0.1621666666666666,0.1484365509552717
354,13:24:00,360.0055,359.21860600779337,35.17383333333333,57.3482469000687,0.2245,0.1492207788414498
355,13:25:00,369.177,357.162201207243,57.771166666666666,40.48283937897238,0.4498333333333333,0.1545109957226068
356,13:26:00,352.1808333333333,360.38656809987634,39.9335,45.83891261458835,0.1545,0.173639120051147
357,13:27:00,369.457,355.35527668433895,54.14533333333333,39.56337466594111,0.1598333333333333,0.15099106830689
358,13:28:00,360.9748333333334,360.5709618747763,40.5585,44.19725765005798,0.0915,0.153029257137421
359,13:29:00,358.8653333333333,358.81501989041294,36.51716666666667,39.59710837190004,0.1276666666666666,0.1472552826931599
360,13:30:00,359.4568333333333,358.0842771431632,42.193666666666665,36.51656855450983,0.0658333333333333,0.1499550549401209
361,13:31:00,363.4488333333333,358.1752676396124,45.381166666666665,38.20234878765529,0.3426666666666666,0.1443281337943089
362,13:32:00,378.65566666666666,359.64890320745604,74.99933333333334,40.18398919584884,0.2541666666666666,0.1666779832789673
363,13:33:00,380.6368333333333,365.5964400295619,77.85249999999999,54.13465356765775,0.1743333333333333,0.1597953720980046
364,13:34:00,376.394,368.3035917250721,67.24733333333333,59.75134934179989,0.2213333333333333,0.1547209624539942
365,13:35:00,331.695,368.4051610487758,54.8755,56.92211170287944,0.0898333333333333,0.159149069546557
366,13:36:00,356.7171666666666,353.12897659694363,49.117,50.77926231123914,0.1008333333333333,0.1486071922108546
367,13:37:00,344.68,358.0510061013786,48.8525,46.5588064261427,0.0505,0.1495221693072758
368,13:38:00,362.864,353.71902437076886,32.26466666666667,45.31491459131033,0.2523333333333333,0.1446540981396155
369,13:39:00,363.0636666666667,358.90501580267187,40.6215,37.58352018738898,0.0355,0.1605756311864978
370,13:40:00,347.31800000000004,359.95066304088783,32.2815,39.07333227594969,0.1558333333333333,0.1425184464661114
371,13:41:00,357.35400000000004,354.91168470410634,42.76733333333333,35.77248941941746,0.2801666666666666,0.1524537944032618
372,13:42:00,367.37683333333337,357.2310959908976,62.434666666666665,39.49280488815962,0.0678333333333333,0.1620268576300265
373,13:43:00,359.9175,361.0137906835873,39.32,49.43765810014652,0.0635,0.1451169245656266
374,13:44:00,364.15066666666667,359.4902420552241,62.976,42.08749951630827,0.1328333333333333,0.1450005030960898
375,13:45:00,331.7606666666667,360.9796655168332,7.617500000000001,50.608711753225066,0.1055,0.1497353316921177
376,13:46:00,347.3901666666667,349.848211885465,13.175833333333332,28.383905452763425,0.1731666666666666,0.1468968378011463
377,13:47:00,346.6528333333333,352.3456424414508,19.13,24.240176425216298,0.1358333333333333,0.1521670020393336
378,13:48:00,362.91566666666665,351.63560720819527,37.02616666666667,25.53230949073391,0.2746666666666666,0.1489066030755666
379,13:49:00,353.8173333333333,356.97921025744034,36.946,33.80749010111444,0.2463333333333333,0.1604270288704076
380,13:50:00,382.1445000000001,355.0261756786188,80.67316666666667,36.14595428660375,0.1118333333333333,0.1585642708585307
381,13:51:00,357.3276666666667,365.0082936271856,23.689833333333333,56.464934353600185,0.2641666666666666,0.1485481822676155
382,13:52:00,347.3471666666667,359.0190305773185,21.383666666666667,37.02590287795162,0.121,0.1613668577184916
383,13:53:00,377.17,354.777527373643,62.07,30.296742896474324,0.1933333333333333,0.1497733563118226
384,13:54:00,365.4988333333333,364.0164430117292,40.66416666666667,46.48672441844694,0.2425,0.1561814183079078
385,13:55:00,365.2126666666666,362.0869318942852,47.466,41.72710665330504,0.2593333333333333,0.1601732215095958
386,13:56:00,381.69683333333336,362.2648209819032,68.5065,43.42462203740919,0.22,0.1621927017216071
387,13:57:00,367.93933333333337,368.3870160628768,41.90533333333334,53.41514046173063,0.169,0.1598702801743362
388,13:58:00,362.4815,365.4463656430779,28.471833333333333,44.588070537211145,0.2863333333333333,0.1564554498067722
389,13:59:00,348.22450000000003,363.4472754809512,13.182166666666667,36.04161600318159,0.1803333333333333,0.1664868824451243
390,14:00:00,346.0588333333333,357.8572517163787,10.618166666666667,26.64093508011311,0.0991666666666666,0.158334635847265
391,14:01:00,357.1301666666667,355.318044490355,6.940666666666667,22.59114814391181,0.2968333333333333,0.1523770829039369
392,14:02:00,350.06066666666663,357.8883913764968,6.501833333333334,19.563955489752036,0.0486666666666666,0.1684711422216705
393,14:03:00,345.26866666666666,355.5465203274724,5.818,18.2619386986396,0.1046666666666666,0.1482459732154353
394,14:04:00,344.0795,353.12970709623875,11.976,17.34938247755991,0.1413333333333333,0.1530567955790576
395,14:05:00,357.30716666666666,351.6616768775568,15.72,19.62684051852376,-0.0111666666666666,0.1551148173612135
396,14:06:00,351.52466666666663,355.490131066921,9.044833333333337,21.79024262691904,0.0698333333333333,0.1421471174164829
397,14:07:00,343.2185,354.11689505330025,6.383666666666667,19.27296097163446,0.1333333333333333,0.1479025816494587
398,14:08:00,352.1983333333334,350.9058303465286,7.885000000000001,17.166171109069097,0.0171666666666666,0.1517804174131365
399,14:09:00,353.3421666666666,353.02513168148505,9.3055,17.03255682498766,0.2543333333333333,0.1416151337520717
400,14:10:00,346.1311666666667,353.5934360129448,13.7805,17.448363318117238,0.1083333333333333,0.1604491122265494
401,14:11:00,373.7885,351.1694621504056,54.7315,19.411877529737115,0.1785,0.1480987052537006
402,14:12:00,354.709,360.3451126631187,11.3475,38.25144221631288,0.07,0.1542539036815513
403,14:13:00,346.302,355.9472593688184,7.250833333333333,24.37435819733856,0.0655,0.1450909480335872
404,14:14:00,355.4463333333333,352.52163928813815,13.055166666666668,18.382263529748,0.0616666666666666,0.1444385304548938
405,14:15:00,353.3338333333333,354.6657841765351,6.6978333333333335,19.08447555988568,0.3293333333333333,0.1431988171263117
406,14:16:00,355.67150000000004,354.1355691365929,6.973833333333333,16.30478327310486,0.0181666666666666,0.1644034464885911
407,14:17:00,359.07916666666665,354.87642833644094,8.324499999999999,15.45455203256784,0.2145,0.1391322154614734
408,14:18:00,357.1463333333333,356.2662910787621,9.989833333333332,15.650746073518048,0.0703333333333333,0.1556154187784993
409,14:19:00,341.239,356.0454509537532,7.0415,16.304979631261862,-0.1613333333333333,0.1432418761131435
410,14:20:00,346.66133333333335,350.47949402470687,7.025166666666666,15.035121033514304,0.18,0.1241088343482742
411,14:21:00,364.4441666666667,350.82674528292625,23.529666666666667,14.508708118885709,0.2275,0.150208791263504
412,14:22:00,360.9228333333333,356.68144319421884,10.1155,21.625907294999017,0.3191666666666666,0.1526116044793943
413,14:23:00,356.1551666666667,356.91383508919404,5.649500000000001,17.63287255556257,0.153,0.160862264501192
414,14:24:00,356.3111666666666,355.80745758736686,6.883333333333334,14.352333960171444,-0.0405,0.1483975047831982
415,14:25:00,357.1501666666666,355.78522651961526,6.870333333333334,13.80835773276758,0.188,0.1333428031553137
416,14:26:00,356.82466666666664,356.0819518429111,8.568166666666666,13.507808558887929,0.0139999999999999,0.1511752855716539
417,14:27:00,357.0118333333333,356.07522253213995,6.961666666666667,14.050336431816,0.3955,0.1359808634813786
418,14:28:00,361.0596666666667,356.1995685630597,9.0095,13.367160138156228,0.1198333333333333,0.166977955521407
419,14:29:00,358.9668333333333,357.7214057619539,8.303166666666666,13.964266969540034,0.2268333333333333,0.1447957223031225
420,14:30:00,350.9703333333334,357.4684054614472,6.434,13.711616679627005,0.1315,0.1547865176741223
421,14:31:00,357.4166666666667,354.74461937967453,7.087000000000001,12.688120370360323,0.3546666666666667,0.1470830644288431
422,14:32:00,360.4118333333333,356.3220650815395,9.201833333333331,12.565136694813503,0.092,0.1656675040958784
423,14:33:00,356.29,357.60137207939204,7.143166666666668,13.36814318510076,0.0956666666666666,0.1450396449520118
424,14:34:00,358.01,356.58190237569954,8.257,12.58037486072392,0.2299999999999999,0.1461198084448017
425,14:35:00,361.1455,357.0743109639712,9.190666666666669,12.747369751125524,0.2348333333333333,0.1563942271903168
426,14:36:00,355.0023333333333,358.3110555054614,8.638833333333334,13.120515672638682,0.1393333333333333,0.1568875467485658
427,14:37:00,355.8728333333333,356.5376444983442,17.50183333333333,12.894651829895029,0.2528333333333333,0.1499089158958158
428,14:38:00,364.3005,356.5002908242698,45.803,16.730224444038946,-0.0139999999999999,0.1595077291393325
429,14:39:00,370.052,359.3869145102518,38.6285,30.556175500399657,0.0431666666666666,0.1380826915775549
430,14:40:00,382.3338333333333,362.2534453500091,72.04716666666667,31.51997388722958,0.1656666666666666,0.1424231058990974
431,14:41:00,386.17083333333335,367.8100540355748,49.59366666666666,46.99910589258898,0.2458333333333333,0.1509316161983322
432,14:42:00,367.284,371.3234757335941,27.554666666666662,41.74514340378357,0.1351666666666666,0.1570219356521359
433,14:43:00,395.8163333333333,366.49156706816194,68.91183333333333,30.49065880818972,0.208,0.1485422645583002
434,14:44:00,378.216,376.1697144186538,45.51983333333333,45.90608689835559,0.1798333333333333,0.154888531384035
435,14:45:00,381.10333333333335,372.714171266573,56.5535,40.18715493535269,0.1593333333333333,0.1527164004460384
436,14:46:00,365.4308333333333,373.9281808038362,43.3505,43.65139471395581,0.2046666666666666,0.1514645455733916
437,14:47:00,359.41566666666665,368.92238988783606,25.3375,38.94896407446645,0.188,0.1552998604152542
438,14:48:00,377.15333333333336,365.6559915912505,39.9475,29.60508156832482,0.1788333333333333,0.1541964678487535
439,14:49:00,388.3921666666666,370.75238021954254,59.563,33.45038219241329,0.0596666666666666,0.1538679622524025
440,14:50:00,376.6641666666666,375.8698813808872,60.22716666666667,43.478709880362175,0.1451666666666667,0.1443972385845978
441,14:51:00,383.0203333333333,373.5946457743859,50.84466666666666,46.9386939845635,0.2135,0.1510141477223693
442,14:52:00,362.3895,375.9935845820617,50.76199999999999,43.963072112600685,0.1593333333333333,0.1560188575473731
443,14:53:00,381.2795,369.4520555210466,53.56133333333334,43.22230131228584,0.1765,0.1518620383424249
444,14:54:00,353.556,374.69232911742745,49.056666666666665,44.42210461149752,0.118,0.1535972446280221
445,14:55:00,352.92883333333333,365.8192872691208,40.28033333333334,42.9168596872701,0.0746666666666666,0.1489125256078384
446,14:56:00,363.1576666666666,363.3601751641242,72.75183333333332,38.66555772450484,0.0255,0.1452724948244824
447,14:57:00,378.0178333333333,365.4805742284709,59.924,52.091567991662885,0.1191666666666666,0.1406606863859536
448,14:58:00,354.54133333333334,370.7935983729874,30.337,50.54572224285337,0.4326666666666667,0.147267469924803
449,14:59:00,372.983,363.8616116669992,49.43383333333334,36.98400763809198,0.1823333333333333,0.1720976059419759
450,15:00:00,367.74216666666666,368.9024954152318,36.6655,41.593861193282926,0.3026666666666667,0.1528423549683588
451,15:01:00,365.8395,367.9308242623281,34.48833333333334,37.31772304891079,0.2334999999999999,0.1643218089620924
452,15:02:00,364.331,367.2524938577712,36.23733333333333,35.112084134863665,0.1453333333333333,0.1594230172288129
453,15:03:00,357.8265,366.50658678083295,32.54866666666667,35.25951234127411,0.1955,0.153344585897269
454,15:04:00,369.753,363.8678838241057,61.6615,33.66304690920822,0.1376666666666666,0.1577305290718809
455,15:05:00,364.1785,367.2109218851427,34.325833333333335,46.2705669566318,0.2223333333333333,0.1530616976464027
456,15:06:00,324.43833333333333,365.8395309544586,37.2955,37.87199380808711,0.0333333333333333,0.1600799243088851
457,15:07:00,353.98266666666666,351.4161675117622,32.94266666666667,36.75051885178492,0.1803333333333333,0.1447895910355428
458,15:08:00,376.481,357.5846744770842,55.119,34.487234755078525,0.1325,0.156531636152517
459,15:09:00,382.545,365.7389610224744,67.47866666666667,43.77502327736221,0.1166666666666666,0.1520182539603783
460,15:10:00,372.9803333333333,370.1962210720309,51.49933333333333,52.1973120906444,0.2591666666666666,0.1507572566168419
461,15:11:00,367.4195,368.8494495473715,39.890166666666666,47.70822538984637,0.2774999999999999,0.1620292572163096
462,15:12:00,354.0025,367.2705737413869,53.8755,41.29120005513681,-0.016,0.1638278065438141
463,15:13:00,368.7255,362.2347637525943,54.30383333333334,45.72972294225113,0.0216666666666666,0.1409732430211668
464,15:14:00,370.6993333333333,365.9950195091431,52.2075,47.34476939978026,0.2846666666666666,0.1437583543968518
465,15:15:00,376.56966666666665,367.2462380704289,61.732,47.00029465010239,0.2208333333333333,0.1635954993661207
466,15:16:00,359.2035,369.9056100579917,25.7175,51.28992572219286,0.2283333333333333,0.1583402373592083
467,15:17:00,352.88533333333334,364.7010581500437,48.128166666666665,36.52688280555237,0.1031666666666666,0.1599903741219686
468,15:18:00,349.89683333333335,361.3322772937024,29.446666666666665,42.19125399714625,0.1868333333333333,0.1503696883673656
469,15:19:00,363.4771666666667,358.8836002270411,40.256166666666665,35.52468085611519,0.0865,0.1572807000865746
470,15:20:00,376.631,362.47616443908544,54.04616666666666,38.364264530048665,0.3419999999999999,0.1488754021727753
471,15:21:00,374.2538333333333,367.6814627032719,47.035833333333336,45.406117926633605,0.2865,0.1695456337216984
472,15:22:00,368.52633333333335,368.46724968963713,43.156333333333336,44.4302709321092,0.1213333333333333,0.1655264997746903
473,15:23:00,340.425,367.2583278128728,43.810833333333335,42.46240105284214,-0.0796666666666666,0.153633817851568
474,15:24:00,378.2121666666666,357.2046915414716,54.714666666666666,42.21141078170505,0.3393333333333333,0.1375618481193627
475,15:25:00,374.864,367.8488401920992,42.565333333333335,47.06978039188067,0.2038333333333333,0.1703436492409739
476,15:26:00,371.0765,368.6349203589216,35.2695,43.146392458190704,0.0361666666666666,0.1589087076562405
477,15:27:00,372.96133333333336,368.2359327572148,44.288,38.74232967735942,0.1956666666666666,0.1464828005211711
478,15:28:00,374.6576666666666,369.194559661901,42.50466666666667,41.473078490752414,0.1341666666666666,0.1590202591785202
479,15:29:00,373.5388333333333,370.23992527413753,46.4875,41.50434812856483,0.1106666666666666,0.1534909523948621
480,15:30:00,370.8056666666667,370.3659377106481,45.20366666666666,43.32249281473317,0.2223333333333333,0.151680905554439
481,15:31:00,384.3453333333334,369.6850083453105,57.349,43.325754469165645,0.3101666666666666,0.1603700983470891
482,15:32:00,359.9526666666667,374.5048171952968,66.26366666666667,48.82069592046798,-0.1035,0.167585514576068
483,15:33:00,350.05383333333333,367.23201199133183,42.4885,54.55979328006198,0.079,0.1350017683730159
484,15:34:00,363.04,362.1851801547249,38.93533333333333,45.74053194658741,0.0836666666666666,0.1492824234588903
485,15:35:00,366.1306666666667,364.83249048877417,35.176,41.575376082137794,0.2903333333333334,0.1477891643208156
486,15:36:00,362.74683333333337,365.9074264046532,51.33083333333333,38.651693110538304,0.1671666666666666,0.1639226335414203
487,15:37:00,378.3525,364.93295026297886,61.67333333333333,45.0114556267144,0.3105,0.1541835016320454
488,15:38:00,377.2463333333333,370.27650787134536,52.790333333333336,51.59157839883831,0.1476666666666666,0.1666134695789921
489,15:39:00,371.46650000000005,371.31567904625206,47.33416666666667,49.66741173394204,0.1905,0.1541062606172742
490,15:40:00,371.114,370.0992599565095,36.08283333333333,46.733834251995646,-0.033,0.1583242944926535
491,15:41:00,365.75716666666665,369.9912554084376,80.7355,40.858392998693695,0.2845,0.1401731752948651
492,15:42:00,364.44166666666666,368.101438310121,27.056,59.15627263841077,0.0471666666666666,0.1651558067069453
493,15:43:00,381.8786666666667,367.1300440223687,49.656333333333336,40.68564708568946,0.0176666666666666,0.145516801850422
494,15:44:00,364.7558333333333,372.91128037761575,58.62083333333333,45.29905039411729,0.2608333333333333,0.1432759105163051
495,15:45:00,365.3726666666667,368.292314086156,40.67666666666666,50.72119443538839,0.0785,0.1616258917244984
496,15:46:00,376.1475,367.7635602417199,41.827666666666666,44.37636397788895,0.1394999999999999,0.1466969379313771
497,15:47:00,379.4758333333333,371.2017688220456,41.902166666666666,43.011304840134805,0.2236666666666666,0.1518373223026377
498,15:48:00,384.5328333333334,373.2334480951167,74.30716666666667,42.63209186648014,0.0156666666666666,0.1580842092032203
499,15:49:00,377.27166666666665,375.9665511304124,55.42333333333333,57.04872977830762,0.155,0.1415468933982674
500,15:50:00,358.90916666666664,374.561408050944,51.91366666666667,53.02305624140333,0.3916666666666666,0.1524439182707799
501,15:51:00,381.009,368.1138490275105,44.01733333333333,50.35516740289881,0.0186666666666666,0.1708051789451861
502,15:52:00,379.1961666666666,374.2732105068048,46.30016666666667,46.08914218980958,0.2483333333333333,0.141922444084704
503,15:53:00,376.176,374.7711428449673,57.49466666666667,45.8573216313827,0.1763333333333333,0.1609295021424373
504,15:54:00,376.6523333333333,374.2885541587024,38.77133333333333,50.81664332900133,0.2141666666666666,0.1547888086260604
505,15:55:00,366.5698333333333,374.5913036415639,29.373833333333334,43.96857645278381,0.1575,0.1584422662430019
506,15:56:00,385.02883333333335,371.17048669956273,59.261833333333335,37.700782420597946,0.2498333333333333,0.154219913145304
507,15:57:00,379.6476666666667,376.8865540836532,43.55266666666667,49.15302632659777,0.267,0.1619190275191002
508,15:58:00,384.9485,376.3034012915743,52.081,45.57210821055934,0.1663333333333333,0.1637328738707777
509,15:59:00,376.3516666666666,378.5686290365418,42.03866666666667,48.33152102805564,0.2875,0.1566310474595798
