,Future Buy Increase,Future Sell Decrease,Bid Ask Spread Threshold,Order Imbalance Threshold,Volatility Threshold,Proximity Threshold,Profit/Loss,Number of Transactions,Sortino Ratio,Sharpe Ratio,Max Drawdown,Calmar Ratio
315,1.05,0.97,45.66,0.12,0.04,0.01,52170.20858,63727,0.654499121,0.447965375,-0.926928402,0.00752895
316,1.05,0.97,45.66,0.12,0.04,0.02,52170.20858,63727,0.654499121,0.447965375,-0.926928402,0.00752895
317,1.05,0.97,45.66,0.12,0.04,0.03,52170.20858,63727,0.654499121,0.447965375,-0.926928402,0.00752895
318,1.05,0.97,45.66,0.12,0.05,0.01,52170.20858,63727,0.654499121,0.447965375,-0.926928402,0.00752895
319,1.05,0.97,45.66,0.12,0.05,0.02,52170.20858,63727,0.654499121,0.447965375,-0.926928402,0.00752895
320,1.05,0.97,45.66,0.12,0.05,0.03,52170.20858,63727,0.654499121,0.447965375,-0.926928402,0.00752895
321,1.05,0.97,45.66,0.12,0.06,0.01,52170.20858,63727,0.654499121,0.447965375,-0.926928402,0.00752895
322,1.05,0.97,45.66,0.12,0.06,0.02,52170.20858,63727,0.654499121,0.447965375,-0.926928402,0.00752895
323,1.05,0.97,45.66,0.12,0.06,0.03,52170.20858,63727,0.654499121,0.447965375,-0.926928402,0.00752895
72,1.03,0.97,45.66,0.12,0.04,0.01,52089.48078,63727,0.685589681,0.452390307,-0.999984617,0.006971991
73,1.03,0.97,45.66,0.12,0.04,0.02,52089.48078,63727,0.685589681,0.452390307,-0.999984617,0.006971991
74,1.03,0.97,45.66,0.12,0.04,0.03,52089.48078,63727,0.685589681,0.452390307,-0.999984617,0.006971991
75,1.03,0.97,45.66,0.12,0.05,0.01,52089.48078,63727,0.685589681,0.452390307,-0.999984617,0.006971991
76,1.03,0.97,45.66,0.12,0.05,0.02,52089.48078,63727,0.685589681,0.452390307,-0.999984617,0.006971991
77,1.03,0.97,45.66,0.12,0.05,0.03,52089.48078,63727,0.685589681,0.452390307,-0.999984617,0.006971991
78,1.03,0.97,45.66,0.12,0.06,0.01,52089.48078,63727,0.685589681,0.452390307,-0.999984617,0.006971991
79,1.03,0.97,45.66,0.12,0.06,0.02,52089.48078,63727,0.685589681,0.452390307,-0.999984617,0.006971991
80,1.03,0.97,45.66,0.12,0.06,0.03,52089.48078,63727,0.685589681,0.452390307,-0.999984617,0.006971991
396,1.05,0.95,45.66,0.12,0.04,0.01,52088.95152,63727,0.699062276,0.453712091,-0.926928402,0.007521442
397,1.05,0.95,45.66,0.12,0.04,0.02,52088.95152,63727,0.699062276,0.453712091,-0.926928402,0.007521442
398,1.05,0.95,45.66,0.12,0.04,0.03,52088.95152,63727,0.699062276,0.453712091,-0.926928402,0.007521442
399,1.05,0.95,45.66,0.12,0.05,0.01,52088.95152,63727,0.699062276,0.453712091,-0.926928402,0.007521442
400,1.05,0.95,45.66,0.12,0.05,0.02,52088.95152,63727,0.699062276,0.453712091,-0.926928402,0.007521442
401,1.05,0.95,45.66,0.12,0.05,0.03,52088.95152,63727,0.699062276,0.453712091,-0.926928402,0.007521442
402,1.05,0.95,45.66,0.12,0.06,0.01,52088.95152,63727,0.699062276,0.453712091,-0.926928402,0.007521442
403,1.05,0.95,45.66,0.12,0.06,0.02,52088.95152,63727,0.699062276,0.453712091,-0.926928402,0.007521442
404,1.05,0.95,45.66,0.12,0.06,0.03,52088.95152,63727,0.699062276,0.453712091,-0.926928402,0.007521442
153,1.03,0.95,45.66,0.12,0.04,0.01,52085.6848,63727,0.706047435,0.454768999,-0.999984617,0.006971665
154,1.03,0.95,45.66,0.12,0.04,0.02,52085.6848,63727,0.706047435,0.454768999,-0.999984617,0.006971665
155,1.03,0.95,45.66,0.12,0.04,0.03,52085.6848,63727,0.706047435,0.454768999,-0.999984617,0.006971665
156,1.03,0.95,45.66,0.12,0.05,0.01,52085.6848,63727,0.706047435,0.454768999,-0.999984617,0.006971665
157,1.03,0.95,45.66,0.12,0.05,0.02,52085.6848,63727,0.706047435,0.454768999,-0.999984617,0.006971665
158,1.03,0.95,45.66,0.12,0.05,0.03,52085.6848,63727,0.706047435,0.454768999,-0.999984617,0.006971665
159,1.03,0.95,45.66,0.12,0.06,0.01,52085.6848,63727,0.706047435,0.454768999,-0.999984617,0.006971665
160,1.03,0.95,45.66,0.12,0.06,0.02,52085.6848,63727,0.706047435,0.454768999,-0.999984617,0.006971665
161,1.03,0.95,45.66,0.12,0.06,0.03,52085.6848,63727,0.706047435,0.454768999,-0.999984617,0.006971665
18,1.03,0.97,39.882,0.12,0.04,0.01,51692.22716,63727,0.692170243,0.453437971,-0.999984617,0.006940127
19,1.03,0.97,39.882,0.12,0.04,0.02,51692.22716,63727,0.692170243,0.453437971,-0.999984617,0.006940127
20,1.03,0.97,39.882,0.12,0.04,0.03,51692.22716,63727,0.692170243,0.453437971,-0.999984617,0.006940127
21,1.03,0.97,39.882,0.12,0.05,0.01,51692.22716,63727,0.692170243,0.453437971,-0.999984617,0.006940127
22,1.03,0.97,39.882,0.12,0.05,0.02,51692.22716,63727,0.692170243,0.453437971,-0.999984617,0.006940127
23,1.03,0.97,39.882,0.12,0.05,0.03,51692.22716,63727,0.692170243,0.453437971,-0.999984617,0.006940127
24,1.03,0.97,39.882,0.12,0.06,0.01,51692.22716,63727,0.692170243,0.453437971,-0.999984617,0.006940127
25,1.03,0.97,39.882,0.12,0.06,0.02,51692.22716,63727,0.692170243,0.453437971,-0.999984617,0.006940127
26,1.03,0.97,39.882,0.12,0.06,0.03,51692.22716,63727,0.692170243,0.453437971,-0.999984617,0.006940127
126,1.03,0.95,42.82,0.12,0.04,0.01,51674.48913,63727,0.706855545,0.454945845,-0.999984617,0.006938599
127,1.03,0.95,42.82,0.12,0.04,0.02,51674.48913,63727,0.706855545,0.454945845,-0.999984617,0.006938599
128,1.03,0.95,42.82,0.12,0.04,0.03,51674.48913,63727,0.706855545,0.454945845,-0.999984617,0.006938599
129,1.03,0.95,42.82,0.12,0.05,0.01,51674.48913,63727,0.706855545,0.454945845,-0.999984617,0.006938599
130,1.03,0.95,42.82,0.12,0.05,0.02,51674.48913,63727,0.706855545,0.454945845,-0.999984617,0.006938599
131,1.03,0.95,42.82,0.12,0.05,0.03,51674.48913,63727,0.706855545,0.454945845,-0.999984617,0.006938599
132,1.03,0.95,42.82,0.12,0.06,0.01,51674.48913,63727,0.706855545,0.454945845,-0.999984617,0.006938599
133,1.03,0.95,42.82,0.12,0.06,0.02,51674.48913,63727,0.706855545,0.454945845,-0.999984617,0.006938599
134,1.03,0.95,42.82,0.12,0.06,0.03,51674.48913,63727,0.706855545,0.454945845,-0.999984617,0.006938599
9,1.03,0.97,39.882,0.1,0.04,0.01,51631.68621,63727,0.692423385,0.453101155,-0.999984617,0.006935669
10,1.03,0.97,39.882,0.1,0.04,0.02,51631.68621,63727,0.692423385,0.453101155,-0.999984617,0.006935669
11,1.03,0.97,39.882,0.1,0.04,0.03,51631.68621,63727,0.692423385,0.453101155,-0.999984617,0.006935669
12,1.03,0.97,39.882,0.1,0.05,0.01,51631.68621,63727,0.692423385,0.453101155,-0.999984617,0.006935669
13,1.03,0.97,39.882,0.1,0.05,0.02,51631.68621,63727,0.692423385,0.453101155,-0.999984617,0.006935669
14,1.03,0.97,39.882,0.1,0.05,0.03,51631.68621,63727,0.692423385,0.453101155,-0.999984617,0.006935669
15,1.03,0.97,39.882,0.1,0.06,0.01,51631.68621,63727,0.692423385,0.453101155,-0.999984617,0.006935669
16,1.03,0.97,39.882,0.1,0.06,0.02,51631.68621,63727,0.692423385,0.453101155,-0.999984617,0.006935669
17,1.03,0.97,39.882,0.1,0.06,0.03,51631.68621,63727,0.692423385,0.453101155,-0.999984617,0.006935669
45,1.03,0.97,42.82,0.12,0.04,0.01,51606.4735,63727,0.68850663,0.452849465,-0.999984617,0.006933495
46,1.03,0.97,42.82,0.12,0.04,0.02,51606.4735,63727,0.68850663,0.452849465,-0.999984617,0.006933495
47,1.03,0.97,42.82,0.12,0.04,0.03,51606.4735,63727,0.68850663,0.452849465,-0.999984617,0.006933495
48,1.03,0.97,42.82,0.12,0.05,0.01,51606.4735,63727,0.68850663,0.452849465,-0.999984617,0.006933495
49,1.03,0.97,42.82,0.12,0.05,0.02,51606.4735,63727,0.68850663,0.452849465,-0.999984617,0.006933495
50,1.03,0.97,42.82,0.12,0.05,0.03,51606.4735,63727,0.68850663,0.452849465,-0.999984617,0.006933495
51,1.03,0.97,42.82,0.12,0.06,0.01,51606.4735,63727,0.68850663,0.452849465,-0.999984617,0.006933495
52,1.03,0.97,42.82,0.12,0.06,0.02,51606.4735,63727,0.68850663,0.452849465,-0.999984617,0.006933495
53,1.03,0.97,42.82,0.12,0.06,0.03,51606.4735,63727,0.68850663,0.452849465,-0.999984617,0.006933495
144,1.03,0.95,45.66,0.1,0.04,0.01,51600.1272,63727,0.70558542,0.454689759,-0.999984617,0.006932947
145,1.03,0.95,45.66,0.1,0.04,0.02,51600.1272,63727,0.70558542,0.454689759,-0.999984617,0.006932947
146,1.03,0.95,45.66,0.1,0.04,0.03,51600.1272,63727,0.70558542,0.454689759,-0.999984617,0.006932947
147,1.03,0.95,45.66,0.1,0.05,0.01,51600.1272,63727,0.70558542,0.454689759,-0.999984617,0.006932947
148,1.03,0.95,45.66,0.1,0.05,0.02,51600.1272,63727,0.70558542,0.454689759,-0.999984617,0.006932947
149,1.03,0.95,45.66,0.1,0.05,0.03,51600.1272,63727,0.70558542,0.454689759,-0.999984617,0.006932947
150,1.03,0.95,45.66,0.1,0.06,0.01,51600.1272,63727,0.70558542,0.454689759,-0.999984617,0.006932947
151,1.03,0.95,45.66,0.1,0.06,0.02,51600.1272,63727,0.70558542,0.454689759,-0.999984617,0.006932947
152,1.03,0.95,45.66,0.1,0.06,0.03,51600.1272,63727,0.70558542,0.454689759,-0.999984617,0.006932947
36,1.03,0.97,42.82,0.1,0.04,0.01,51582.62591,63727,0.689173442,0.452892454,-0.999984617,0.006931437
37,1.03,0.97,42.82,0.1,0.04,0.02,51582.62591,63727,0.689173442,0.452892454,-0.999984617,0.006931437
38,1.03,0.97,42.82,0.1,0.04,0.03,51582.62591,63727,0.689173442,0.452892454,-0.999984617,0.006931437
39,1.03,0.97,42.82,0.1,0.05,0.01,51582.62591,63727,0.689173442,0.452892454,-0.999984617,0.006931437
40,1.03,0.97,42.82,0.1,0.05,0.02,51582.62591,63727,0.689173442,0.452892454,-0.999984617,0.006931437
41,1.03,0.97,42.82,0.1,0.05,0.03,51582.62591,63727,0.689173442,0.452892454,-0.999984617,0.006931437
42,1.03,0.97,42.82,0.1,0.06,0.01,51582.62591,63727,0.689173442,0.452892454,-0.999984617,0.006931437
43,1.03,0.97,42.82,0.1,0.06,0.02,51582.62591,63727,0.689173442,0.452892454,-0.999984617,0.006931437
44,1.03,0.97,42.82,0.1,0.06,0.03,51582.62591,63727,0.689173442,0.452892454,-0.999984617,0.006931437
495,1.07,0.97,39.882,0.1,0.04,0.01,51559.41536,63727,0.645679753,0.445461662,-1.125262225,0.006157966
496,1.07,0.97,39.882,0.1,0.04,0.02,51559.41536,63727,0.645679753,0.445461662,-1.125262225,0.006157966
497,1.07,0.97,39.882,0.1,0.04,0.03,51559.41536,63727,0.645679753,0.445461662,-1.125262225,0.006157966
498,1.07,0.97,39.882,0.1,0.05,0.01,51559.41536,63727,0.645679753,0.445461662,-1.125262225,0.006157966
499,1.07,0.97,39.882,0.1,0.05,0.02,51559.41536,63727,0.645679753,0.445461662,-1.125262225,0.006157966
500,1.07,0.97,39.882,0.1,0.05,0.03,51559.41536,63727,0.645679753,0.445461662,-1.125262225,0.006157966
501,1.07,0.97,39.882,0.1,0.06,0.01,51559.41536,63727,0.645679753,0.445461662,-1.125262225,0.006157966
502,1.07,0.97,39.882,0.1,0.06,0.02,51559.41536,63727,0.645679753,0.445461662,-1.125262225,0.006157966
503,1.07,0.97,39.882,0.1,0.06,0.03,51559.41536,63727,0.645679753,0.445461662,-1.125262225,0.006157966
504,1.07,0.97,39.882,0.12,0.04,0.01,51557.3612,63727,0.642743789,0.44504763,-1.125262225,0.006157809
505,1.07,0.97,39.882,0.12,0.04,0.02,51557.3612,63727,0.642743789,0.44504763,-1.125262225,0.006157809
506,1.07,0.97,39.882,0.12,0.04,0.03,51557.3612,63727,0.642743789,0.44504763,-1.125262225,0.006157809
507,1.07,0.97,39.882,0.12,0.05,0.01,51557.3612,63727,0.642743789,0.44504763,-1.125262225,0.006157809
508,1.07,0.97,39.882,0.12,0.05,0.02,51557.3612,63727,0.642743789,0.44504763,-1.125262225,0.006157809
509,1.07,0.97,39.882,0.12,0.05,0.03,51557.3612,63727,0.642743789,0.44504763,-1.125262225,0.006157809
510,1.07,0.97,39.882,0.12,0.06,0.01,51557.3612,63727,0.642743789,0.44504763,-1.125262225,0.006157809
511,1.07,0.97,39.882,0.12,0.06,0.02,51557.3612,63727,0.642743789,0.44504763,-1.125262225,0.006157809
512,1.07,0.97,39.882,0.12,0.06,0.03,51557.3612,63727,0.642743789,0.44504763,-1.125262225,0.006157809
306,1.05,0.97,45.66,0.1,0.04,0.01,51555.53895,63727,0.656654518,0.448231053,-0.926928402,0.007475218
307,1.05,0.97,45.66,0.1,0.04,0.02,51555.53895,63727,0.656654518,0.448231053,-0.926928402,0.007475218
308,1.05,0.97,45.66,0.1,0.04,0.03,51555.53895,63727,0.656654518,0.448231053,-0.926928402,0.007475218
309,1.05,0.97,45.66,0.1,0.05,0.01,51555.53895,63727,0.656654518,0.448231053,-0.926928402,0.007475218
310,1.05,0.97,45.66,0.1,0.05,0.02,51555.53895,63727,0.656654518,0.448231053,-0.926928402,0.007475218
311,1.05,0.97,45.66,0.1,0.05,0.03,51555.53895,63727,0.656654518,0.448231053,-0.926928402,0.007475218
312,1.05,0.97,45.66,0.1,0.06,0.01,51555.53895,63727,0.656654518,0.448231053,-0.926928402,0.007475218
313,1.05,0.97,45.66,0.1,0.06,0.02,51555.53895,63727,0.656654518,0.448231053,-0.926928402,0.007475218
314,1.05,0.97,45.66,0.1,0.06,0.03,51555.53895,63727,0.656654518,0.448231053,-0.926928402,0.007475218
549,1.07,0.97,45.66,0.1,0.04,0.01,51504.23283,63727,0.632018161,0.443027226,-1.125262225,0.006154409
550,1.07,0.97,45.66,0.1,0.04,0.02,51504.23283,63727,0.632018161,0.443027226,-1.125262225,0.006154409
551,1.07,0.97,45.66,0.1,0.04,0.03,51504.23283,63727,0.632018161,0.443027226,-1.125262225,0.006154409
552,1.07,0.97,45.66,0.1,0.05,0.01,51504.23283,63727,0.632018161,0.443027226,-1.125262225,0.006154409
553,1.07,0.97,45.66,0.1,0.05,0.02,51504.23283,63727,0.632018161,0.443027226,-1.125262225,0.006154409
554,1.07,0.97,45.66,0.1,0.05,0.03,51504.23283,63727,0.632018161,0.443027226,-1.125262225,0.006154409
555,1.07,0.97,45.66,0.1,0.06,0.01,51504.23283,63727,0.632018161,0.443027226,-1.125262225,0.006154409
556,1.07,0.97,45.66,0.1,0.06,0.02,51504.23283,63727,0.632018161,0.443027226,-1.125262225,0.006154409
557,1.07,0.97,45.66,0.1,0.06,0.03,51504.23283,63727,0.632018161,0.443027226,-1.125262225,0.006154409
288,1.05,0.97,42.82,0.12,0.04,0.01,51488.04585,63727,0.660077523,0.44898253,-0.926928402,0.007469752
289,1.05,0.97,42.82,0.12,0.04,0.02,51488.04585,63727,0.660077523,0.44898253,-0.926928402,0.007469752
290,1.05,0.97,42.82,0.12,0.04,0.03,51488.04585,63727,0.660077523,0.44898253,-0.926928402,0.007469752
291,1.05,0.97,42.82,0.12,0.05,0.01,51488.04585,63727,0.660077523,0.44898253,-0.926928402,0.007469752
292,1.05,0.97,42.82,0.12,0.05,0.02,51488.04585,63727,0.660077523,0.44898253,-0.926928402,0.007469752
293,1.05,0.97,42.82,0.12,0.05,0.03,51488.04585,63727,0.660077523,0.44898253,-0.926928402,0.007469752
294,1.05,0.97,42.82,0.12,0.06,0.01,51488.04585,63727,0.660077523,0.44898253,-0.926928402,0.007469752
295,1.05,0.97,42.82,0.12,0.06,0.02,51488.04585,63727,0.660077523,0.44898253,-0.926928402,0.007469752
296,1.05,0.97,42.82,0.12,0.06,0.03,51488.04585,63727,0.660077523,0.44898253,-0.926928402,0.007469752
387,1.05,0.95,45.66,0.1,0.04,0.01,51451.51398,63727,0.699656551,0.453738803,-0.926928402,0.007466345
388,1.05,0.95,45.66,0.1,0.04,0.02,51451.51398,63727,0.699656551,0.453738803,-0.926928402,0.007466345
389,1.05,0.95,45.66,0.1,0.04,0.03,51451.51398,63727,0.699656551,0.453738803,-0.926928402,0.007466345
390,1.05,0.95,45.66,0.1,0.05,0.01,51451.51398,63727,0.699656551,0.453738803,-0.926928402,0.007466345
391,1.05,0.95,45.66,0.1,0.05,0.02,51451.51398,63727,0.699656551,0.453738803,-0.926928402,0.007466345
392,1.05,0.95,45.66,0.1,0.05,0.03,51451.51398,63727,0.699656551,0.453738803,-0.926928402,0.007466345
393,1.05,0.95,45.66,0.1,0.06,0.01,51451.51398,63727,0.699656551,0.453738803,-0.926928402,0.007466345
394,1.05,0.95,45.66,0.1,0.06,0.02,51451.51398,63727,0.699656551,0.453738803,-0.926928402,0.007466345
395,1.05,0.95,45.66,0.1,0.06,0.03,51451.51398,63727,0.699656551,0.453738803,-0.926928402,0.007466345
612,1.07,0.95,42.82,0.12,0.04,0.01,51434.57828,63727,0.683330043,0.451690551,-1.242565371,0.005568562
613,1.07,0.95,42.82,0.12,0.04,0.02,51434.57828,63727,0.683330043,0.451690551,-1.242565371,0.005568562
614,1.07,0.95,42.82,0.12,0.04,0.03,51434.57828,63727,0.683330043,0.451690551,-1.242565371,0.005568562
615,1.07,0.95,42.82,0.12,0.05,0.01,51434.57828,63727,0.683330043,0.451690551,-1.242565371,0.005568562
616,1.07,0.95,42.82,0.12,0.05,0.02,51434.57828,63727,0.683330043,0.451690551,-1.242565371,0.005568562
617,1.07,0.95,42.82,0.12,0.05,0.03,51434.57828,63727,0.683330043,0.451690551,-1.242565371,0.005568562
618,1.07,0.95,42.82,0.12,0.06,0.01,51434.57828,63727,0.683330043,0.451690551,-1.242565371,0.005568562
619,1.07,0.95,42.82,0.12,0.06,0.02,51434.57828,63727,0.683330043,0.451690551,-1.242565371,0.005568562
620,1.07,0.95,42.82,0.12,0.06,0.03,51434.57828,63727,0.683330043,0.451690551,-1.242565371,0.005568562
531,1.07,0.97,42.82,0.12,0.04,0.01,51427.70561,63727,0.635597128,0.443337909,-1.125262225,0.00614853
532,1.07,0.97,42.82,0.12,0.04,0.02,51427.70561,63727,0.635597128,0.443337909,-1.125262225,0.00614853
533,1.07,0.97,42.82,0.12,0.04,0.03,51427.70561,63727,0.635597128,0.443337909,-1.125262225,0.00614853
534,1.07,0.97,42.82,0.12,0.05,0.01,51427.70561,63727,0.635597128,0.443337909,-1.125262225,0.00614853
535,1.07,0.97,42.82,0.12,0.05,0.02,51427.70561,63727,0.635597128,0.443337909,-1.125262225,0.00614853
536,1.07,0.97,42.82,0.12,0.05,0.03,51427.70561,63727,0.635597128,0.443337909,-1.125262225,0.00614853
537,1.07,0.97,42.82,0.12,0.06,0.01,51427.70561,63727,0.635597128,0.443337909,-1.125262225,0.00614853
538,1.07,0.97,42.82,0.12,0.06,0.02,51427.70561,63727,0.635597128,0.443337909,-1.125262225,0.00614853
539,1.07,0.97,42.82,0.12,0.06,0.03,51427.70561,63727,0.635597128,0.443337909,-1.125262225,0.00614853
630,1.07,0.95,45.66,0.1,0.04,0.01,51426.4145,63727,0.679820037,0.451035012,-1.242565371,0.005567994
631,1.07,0.95,45.66,0.1,0.04,0.02,51426.4145,63727,0.679820037,0.451035012,-1.242565371,0.005567994
632,1.07,0.95,45.66,0.1,0.04,0.03,51426.4145,63727,0.679820037,0.451035012,-1.242565371,0.005567994
633,1.07,0.95,45.66,0.1,0.05,0.01,51426.4145,63727,0.679820037,0.451035012,-1.242565371,0.005567994
634,1.07,0.95,45.66,0.1,0.05,0.02,51426.4145,63727,0.679820037,0.451035012,-1.242565371,0.005567994
635,1.07,0.95,45.66,0.1,0.05,0.03,51426.4145,63727,0.679820037,0.451035012,-1.242565371,0.005567994
636,1.07,0.95,45.66,0.1,0.06,0.01,51426.4145,63727,0.679820037,0.451035012,-1.242565371,0.005567994
637,1.07,0.95,45.66,0.1,0.06,0.02,51426.4145,63727,0.679820037,0.451035012,-1.242565371,0.005567994
638,1.07,0.95,45.66,0.1,0.06,0.03,51426.4145,63727,0.679820037,0.451035012,-1.242565371,0.005567994
279,1.05,0.97,42.82,0.1,0.04,0.01,51422.85262,63727,0.661042675,0.44894686,-0.926928402,0.007463671
280,1.05,0.97,42.82,0.1,0.04,0.02,51422.85262,63727,0.661042675,0.44894686,-0.926928402,0.007463671
281,1.05,0.97,42.82,0.1,0.04,0.03,51422.85262,63727,0.661042675,0.44894686,-0.926928402,0.007463671
282,1.05,0.97,42.82,0.1,0.05,0.01,51422.85262,63727,0.661042675,0.44894686,-0.926928402,0.007463671
283,1.05,0.97,42.82,0.1,0.05,0.02,51422.85262,63727,0.661042675,0.44894686,-0.926928402,0.007463671
284,1.05,0.97,42.82,0.1,0.05,0.03,51422.85262,63727,0.661042675,0.44894686,-0.926928402,0.007463671
285,1.05,0.97,42.82,0.1,0.06,0.01,51422.85262,63727,0.661042675,0.44894686,-0.926928402,0.007463671
286,1.05,0.97,42.82,0.1,0.06,0.02,51422.85262,63727,0.661042675,0.44894686,-0.926928402,0.007463671
287,1.05,0.97,42.82,0.1,0.06,0.03,51422.85262,63727,0.661042675,0.44894686,-0.926928402,0.007463671
522,1.07,0.97,42.82,0.1,0.04,0.01,51420.83827,63727,0.64020783,0.444581959,-1.125262225,0.006148002
523,1.07,0.97,42.82,0.1,0.04,0.02,51420.83827,63727,0.64020783,0.444581959,-1.125262225,0.006148002
524,1.07,0.97,42.82,0.1,0.04,0.03,51420.83827,63727,0.64020783,0.444581959,-1.125262225,0.006148002
525,1.07,0.97,42.82,0.1,0.05,0.01,51420.83827,63727,0.64020783,0.444581959,-1.125262225,0.006148002
526,1.07,0.97,42.82,0.1,0.05,0.02,51420.83827,63727,0.64020783,0.444581959,-1.125262225,0.006148002
527,1.07,0.97,42.82,0.1,0.05,0.03,51420.83827,63727,0.64020783,0.444581959,-1.125262225,0.006148002
528,1.07,0.97,42.82,0.1,0.06,0.01,51420.83827,63727,0.64020783,0.444581959,-1.125262225,0.006148002
529,1.07,0.97,42.82,0.1,0.06,0.02,51420.83827,63727,0.64020783,0.444581959,-1.125262225,0.006148002
530,1.07,0.97,42.82,0.1,0.06,0.03,51420.83827,63727,0.64020783,0.444581959,-1.125262225,0.006148002
369,1.05,0.95,42.82,0.12,0.04,0.01,51414.74838,63727,0.702349148,0.454450559,-0.926928402,0.007462915
370,1.05,0.95,42.82,0.12,0.04,0.02,51414.74838,63727,0.702349148,0.454450559,-0.926928402,0.007462915
371,1.05,0.95,42.82,0.12,0.04,0.03,51414.74838,63727,0.702349148,0.454450559,-0.926928402,0.007462915
372,1.05,0.95,42.82,0.12,0.05,0.01,51414.74838,63727,0.702349148,0.454450559,-0.926928402,0.007462915
373,1.05,0.95,42.82,0.12,0.05,0.02,51414.74838,63727,0.702349148,0.454450559,-0.926928402,0.007462915
374,1.05,0.95,42.82,0.12,0.05,0.03,51414.74838,63727,0.702349148,0.454450559,-0.926928402,0.007462915
375,1.05,0.95,42.82,0.12,0.06,0.01,51414.74838,63727,0.702349148,0.454450559,-0.926928402,0.007462915
376,1.05,0.95,42.82,0.12,0.06,0.02,51414.74838,63727,0.702349148,0.454450559,-0.926928402,0.007462915
377,1.05,0.95,42.82,0.12,0.06,0.03,51414.74838,63727,0.702349148,0.454450559,-0.926928402,0.007462915
252,1.05,0.97,39.882,0.1,0.04,0.01,51409.82386,63727,0.667374005,0.449883115,-0.926928402,0.007462455
253,1.05,0.97,39.882,0.1,0.04,0.02,51409.82386,63727,0.667374005,0.449883115,-0.926928402,0.007462455
254,1.05,0.97,39.882,0.1,0.04,0.03,51409.82386,63727,0.667374005,0.449883115,-0.926928402,0.007462455
255,1.05,0.97,39.882,0.1,0.05,0.01,51409.82386,63727,0.667374005,0.449883115,-0.926928402,0.007462455
256,1.05,0.97,39.882,0.1,0.05,0.02,51409.82386,63727,0.667374005,0.449883115,-0.926928402,0.007462455
257,1.05,0.97,39.882,0.1,0.05,0.03,51409.82386,63727,0.667374005,0.449883115,-0.926928402,0.007462455
258,1.05,0.97,39.882,0.1,0.06,0.01,51409.82386,63727,0.667374005,0.449883115,-0.926928402,0.007462455
259,1.05,0.97,39.882,0.1,0.06,0.02,51409.82386,63727,0.667374005,0.449883115,-0.926928402,0.007462455
260,1.05,0.97,39.882,0.1,0.06,0.03,51409.82386,63727,0.667374005,0.449883115,-0.926928402,0.007462455
261,1.05,0.97,39.882,0.12,0.04,0.01,51409.35068,63727,0.664576605,0.449809268,-0.926928402,0.007462411
262,1.05,0.97,39.882,0.12,0.04,0.02,51409.35068,63727,0.664576605,0.449809268,-0.926928402,0.007462411
263,1.05,0.97,39.882,0.12,0.04,0.03,51409.35068,63727,0.664576605,0.449809268,-0.926928402,0.007462411
264,1.05,0.97,39.882,0.12,0.05,0.01,51409.35068,63727,0.664576605,0.449809268,-0.926928402,0.007462411
265,1.05,0.97,39.882,0.12,0.05,0.02,51409.35068,63727,0.664576605,0.449809268,-0.926928402,0.007462411
266,1.05,0.97,39.882,0.12,0.05,0.03,51409.35068,63727,0.664576605,0.449809268,-0.926928402,0.007462411
267,1.05,0.97,39.882,0.12,0.06,0.01,51409.35068,63727,0.664576605,0.449809268,-0.926928402,0.007462411
268,1.05,0.97,39.882,0.12,0.06,0.02,51409.35068,63727,0.664576605,0.449809268,-0.926928402,0.007462411
269,1.05,0.97,39.882,0.12,0.06,0.03,51409.35068,63727,0.664576605,0.449809268,-0.926928402,0.007462411
63,1.03,0.97,45.66,0.1,0.04,0.01,50650.35193,63727,0.685749441,0.452343548,-0.999984617,0.00685582
64,1.03,0.97,45.66,0.1,0.04,0.02,50650.35193,63727,0.685749441,0.452343548,-0.999984617,0.00685582
65,1.03,0.97,45.66,0.1,0.04,0.03,50650.35193,63727,0.685749441,0.452343548,-0.999984617,0.00685582
66,1.03,0.97,45.66,0.1,0.05,0.01,50650.35193,63727,0.685749441,0.452343548,-0.999984617,0.00685582
67,1.03,0.97,45.66,0.1,0.05,0.02,50650.35193,63727,0.685749441,0.452343548,-0.999984617,0.00685582
68,1.03,0.97,45.66,0.1,0.05,0.03,50650.35193,63727,0.685749441,0.452343548,-0.999984617,0.00685582
69,1.03,0.97,45.66,0.1,0.06,0.01,50650.35193,63727,0.685749441,0.452343548,-0.999984617,0.00685582
70,1.03,0.97,45.66,0.1,0.06,0.02,50650.35193,63727,0.685749441,0.452343548,-0.999984617,0.00685582
71,1.03,0.97,45.66,0.1,0.06,0.03,50650.35193,63727,0.685749441,0.452343548,-0.999984617,0.00685582
243,1.05,0.97,39.882,0.08,0.04,0.01,48379.52417,63727,0.669034738,0.450300104,-1.55766235,0.004280297
244,1.05,0.97,39.882,0.08,0.04,0.02,48379.52417,63727,0.669034738,0.450300104,-1.55766235,0.004280297
245,1.05,0.97,39.882,0.08,0.04,0.03,48379.52417,63727,0.669034738,0.450300104,-1.55766235,0.004280297
246,1.05,0.97,39.882,0.08,0.05,0.01,48379.52417,63727,0.669034738,0.450300104,-1.55766235,0.004280297
247,1.05,0.97,39.882,0.08,0.05,0.02,48379.52417,63727,0.669034738,0.450300104,-1.55766235,0.004280297
248,1.05,0.97,39.882,0.08,0.05,0.03,48379.52417,63727,0.669034738,0.450300104,-1.55766235,0.004280297
249,1.05,0.97,39.882,0.08,0.06,0.01,48379.52417,63727,0.669034738,0.450300104,-1.55766235,0.004280297
250,1.05,0.97,39.882,0.08,0.06,0.02,48379.52417,63727,0.669034738,0.450300104,-1.55766235,0.004280297
251,1.05,0.97,39.882,0.08,0.06,0.03,48379.52417,63727,0.669034738,0.450300104,-1.55766235,0.004280297
270,1.05,0.97,42.82,0.08,0.04,0.01,48242.84105,63727,0.662387071,0.448531436,-1.55766235,0.004272875
271,1.05,0.97,42.82,0.08,0.04,0.02,48242.84105,63727,0.662387071,0.448531436,-1.55766235,0.004272875
272,1.05,0.97,42.82,0.08,0.04,0.03,48242.84105,63727,0.662387071,0.448531436,-1.55766235,0.004272875
273,1.05,0.97,42.82,0.08,0.05,0.01,48242.84105,63727,0.662387071,0.448531436,-1.55766235,0.004272875
274,1.05,0.97,42.82,0.08,0.05,0.02,48242.84105,63727,0.662387071,0.448531436,-1.55766235,0.004272875
275,1.05,0.97,42.82,0.08,0.05,0.03,48242.84105,63727,0.662387071,0.448531436,-1.55766235,0.004272875
276,1.05,0.97,42.82,0.08,0.06,0.01,48242.84105,63727,0.662387071,0.448531436,-1.55766235,0.004272875
277,1.05,0.97,42.82,0.08,0.06,0.02,48242.84105,63727,0.662387071,0.448531436,-1.55766235,0.004272875
278,1.05,0.97,42.82,0.08,0.06,0.03,48242.84105,63727,0.662387071,0.448531436,-1.55766235,0.004272875
558,1.07,0.97,45.66,0.12,0.04,0.01,48030.28417,63727,0.62891319,0.441937123,-1.125262225,0.005899097
559,1.07,0.97,45.66,0.12,0.04,0.02,48030.28417,63727,0.62891319,0.441937123,-1.125262225,0.005899097
560,1.07,0.97,45.66,0.12,0.04,0.03,48030.28417,63727,0.62891319,0.441937123,-1.125262225,0.005899097
561,1.07,0.97,45.66,0.12,0.05,0.01,48030.28417,63727,0.62891319,0.441937123,-1.125262225,0.005899097
562,1.07,0.97,45.66,0.12,0.05,0.02,48030.28417,63727,0.62891319,0.441937123,-1.125262225,0.005899097
563,1.07,0.97,45.66,0.12,0.05,0.03,48030.28417,63727,0.62891319,0.441937123,-1.125262225,0.005899097
564,1.07,0.97,45.66,0.12,0.06,0.01,48030.28417,63727,0.62891319,0.441937123,-1.125262225,0.005899097
565,1.07,0.97,45.66,0.12,0.06,0.02,48030.28417,63727,0.62891319,0.441937123,-1.125262225,0.005899097
566,1.07,0.97,45.66,0.12,0.06,0.03,48030.28417,63727,0.62891319,0.441937123,-1.125262225,0.005899097
540,1.07,0.97,45.66,0.08,0.04,0.01,47990.98801,63727,0.634407727,0.442965151,-1.125262225,0.005895926
541,1.07,0.97,45.66,0.08,0.04,0.02,47990.98801,63727,0.634407727,0.442965151,-1.125262225,0.005895926
542,1.07,0.97,45.66,0.08,0.04,0.03,47990.98801,63727,0.634407727,0.442965151,-1.125262225,0.005895926
543,1.07,0.97,45.66,0.08,0.05,0.01,47990.98801,63727,0.634407727,0.442965151,-1.125262225,0.005895926
544,1.07,0.97,45.66,0.08,0.05,0.02,47990.98801,63727,0.634407727,0.442965151,-1.125262225,0.005895926
545,1.07,0.97,45.66,0.08,0.05,0.03,47990.98801,63727,0.634407727,0.442965151,-1.125262225,0.005895926
546,1.07,0.97,45.66,0.08,0.06,0.01,47990.98801,63727,0.634407727,0.442965151,-1.125262225,0.005895926
547,1.07,0.97,45.66,0.08,0.06,0.02,47990.98801,63727,0.634407727,0.442965151,-1.125262225,0.005895926
548,1.07,0.97,45.66,0.08,0.06,0.03,47990.98801,63727,0.634407727,0.442965151,-1.125262225,0.005895926
639,1.07,0.95,45.66,0.12,0.04,0.01,47977.87962,63727,0.676685964,0.450073528,-1.242565371,0.005338368
640,1.07,0.95,45.66,0.12,0.04,0.02,47977.87962,63727,0.676685964,0.450073528,-1.242565371,0.005338368
641,1.07,0.95,45.66,0.12,0.04,0.03,47977.87962,63727,0.676685964,0.450073528,-1.242565371,0.005338368
642,1.07,0.95,45.66,0.12,0.05,0.01,47977.87962,63727,0.676685964,0.450073528,-1.242565371,0.005338368
643,1.07,0.95,45.66,0.12,0.05,0.02,47977.87962,63727,0.676685964,0.450073528,-1.242565371,0.005338368
644,1.07,0.95,45.66,0.12,0.05,0.03,47977.87962,63727,0.676685964,0.450073528,-1.242565371,0.005338368
645,1.07,0.95,45.66,0.12,0.06,0.01,47977.87962,63727,0.676685964,0.450073528,-1.242565371,0.005338368
646,1.07,0.95,45.66,0.12,0.06,0.02,47977.87962,63727,0.676685964,0.450073528,-1.242565371,0.005338368
647,1.07,0.95,45.66,0.12,0.06,0.03,47977.87962,63727,0.676685964,0.450073528,-1.242565371,0.005338368
297,1.05,0.97,45.66,0.08,0.04,0.01,47853.34041,63727,0.657828909,0.447650598,-1.55766235,0.004251723
298,1.05,0.97,45.66,0.08,0.04,0.02,47853.34041,63727,0.657828909,0.447650598,-1.55766235,0.004251723
299,1.05,0.97,45.66,0.08,0.04,0.03,47853.34041,63727,0.657828909,0.447650598,-1.55766235,0.004251723
300,1.05,0.97,45.66,0.08,0.05,0.01,47853.34041,63727,0.657828909,0.447650598,-1.55766235,0.004251723
301,1.05,0.97,45.66,0.08,0.05,0.02,47853.34041,63727,0.657828909,0.447650598,-1.55766235,0.004251723
302,1.05,0.97,45.66,0.08,0.05,0.03,47853.34041,63727,0.657828909,0.447650598,-1.55766235,0.004251723
303,1.05,0.97,45.66,0.08,0.06,0.01,47853.34041,63727,0.657828909,0.447650598,-1.55766235,0.004251723
304,1.05,0.97,45.66,0.08,0.06,0.02,47853.34041,63727,0.657828909,0.447650598,-1.55766235,0.004251723
305,1.05,0.97,45.66,0.08,0.06,0.03,47853.34041,63727,0.657828909,0.447650598,-1.55766235,0.004251723
27,1.03,0.97,42.82,0.08,0.04,0.01,47183.56764,63727,0.689791416,0.452501273,-0.999984617,0.006565624
28,1.03,0.97,42.82,0.08,0.04,0.02,47183.56764,63727,0.689791416,0.452501273,-0.999984617,0.006565624
29,1.03,0.97,42.82,0.08,0.04,0.03,47183.56764,63727,0.689791416,0.452501273,-0.999984617,0.006565624
30,1.03,0.97,42.82,0.08,0.05,0.01,47183.56764,63727,0.689791416,0.452501273,-0.999984617,0.006565624
31,1.03,0.97,42.82,0.08,0.05,0.02,47183.56764,63727,0.689791416,0.452501273,-0.999984617,0.006565624
32,1.03,0.97,42.82,0.08,0.05,0.03,47183.56764,63727,0.689791416,0.452501273,-0.999984617,0.006565624
33,1.03,0.97,42.82,0.08,0.06,0.01,47183.56764,63727,0.689791416,0.452501273,-0.999984617,0.006565624
34,1.03,0.97,42.82,0.08,0.06,0.02,47183.56764,63727,0.689791416,0.452501273,-0.999984617,0.006565624
35,1.03,0.97,42.82,0.08,0.06,0.03,47183.56764,63727,0.689791416,0.452501273,-0.999984617,0.006565624
0,1.03,0.97,39.882,0.08,0.04,0.01,47129.05314,63727,0.692408999,0.452777177,-0.999984617,0.006561423
1,1.03,0.97,39.882,0.08,0.04,0.02,47129.05314,63727,0.692408999,0.452777177,-0.999984617,0.006561423
2,1.03,0.97,39.882,0.08,0.04,0.03,47129.05314,63727,0.692408999,0.452777177,-0.999984617,0.006561423
3,1.03,0.97,39.882,0.08,0.05,0.01,47129.05314,63727,0.692408999,0.452777177,-0.999984617,0.006561423
4,1.03,0.97,39.882,0.08,0.05,0.02,47129.05314,63727,0.692408999,0.452777177,-0.999984617,0.006561423
5,1.03,0.97,39.882,0.08,0.05,0.03,47129.05314,63727,0.692408999,0.452777177,-0.999984617,0.006561423
6,1.03,0.97,39.882,0.08,0.06,0.01,47129.05314,63727,0.692408999,0.452777177,-0.999984617,0.006561423
7,1.03,0.97,39.882,0.08,0.06,0.02,47129.05314,63727,0.692408999,0.452777177,-0.999984617,0.006561423
8,1.03,0.97,39.882,0.08,0.06,0.03,47129.05314,63727,0.692408999,0.452777177,-0.999984617,0.006561423
135,1.03,0.95,45.66,0.08,0.04,0.01,46541.46148,63727,0.706863873,0.455206866,-0.999984617,0.006510394
136,1.03,0.95,45.66,0.08,0.04,0.02,46541.46148,63727,0.706863873,0.455206866,-0.999984617,0.006510394
137,1.03,0.95,45.66,0.08,0.04,0.03,46541.46148,63727,0.706863873,0.455206866,-0.999984617,0.006510394
138,1.03,0.95,45.66,0.08,0.05,0.01,46541.46148,63727,0.706863873,0.455206866,-0.999984617,0.006510394
139,1.03,0.95,45.66,0.08,0.05,0.02,46541.46148,63727,0.706863873,0.455206866,-0.999984617,0.006510394
140,1.03,0.95,45.66,0.08,0.05,0.03,46541.46148,63727,0.706863873,0.455206866,-0.999984617,0.006510394
141,1.03,0.95,45.66,0.08,0.06,0.01,46541.46148,63727,0.706863873,0.455206866,-0.999984617,0.006510394
142,1.03,0.95,45.66,0.08,0.06,0.02,46541.46148,63727,0.706863873,0.455206866,-0.999984617,0.006510394
143,1.03,0.95,45.66,0.08,0.06,0.03,46541.46148,63727,0.706863873,0.455206866,-0.999984617,0.006510394
603,1.07,0.95,42.82,0.1,0.04,0.01,46394.05452,63727,0.687947132,0.453471594,-1.242565371,0.005229036
604,1.07,0.95,42.82,0.1,0.04,0.02,46394.05452,63727,0.687947132,0.453471594,-1.242565371,0.005229036
605,1.07,0.95,42.82,0.1,0.04,0.03,46394.05452,63727,0.687947132,0.453471594,-1.242565371,0.005229036
606,1.07,0.95,42.82,0.1,0.05,0.01,46394.05452,63727,0.687947132,0.453471594,-1.242565371,0.005229036
607,1.07,0.95,42.82,0.1,0.05,0.02,46394.05452,63727,0.687947132,0.453471594,-1.242565371,0.005229036
608,1.07,0.95,42.82,0.1,0.05,0.03,46394.05452,63727,0.687947132,0.453471594,-1.242565371,0.005229036
609,1.07,0.95,42.82,0.1,0.06,0.01,46394.05452,63727,0.687947132,0.453471594,-1.242565371,0.005229036
610,1.07,0.95,42.82,0.1,0.06,0.02,46394.05452,63727,0.687947132,0.453471594,-1.242565371,0.005229036
611,1.07,0.95,42.82,0.1,0.06,0.03,46394.05452,63727,0.687947132,0.453471594,-1.242565371,0.005229036
54,1.03,0.97,45.66,0.08,0.04,0.01,45281.76468,63727,0.690276701,0.454367765,-0.999984617,0.006395637
55,1.03,0.97,45.66,0.08,0.04,0.02,45281.76468,63727,0.690276701,0.454367765,-0.999984617,0.006395637
56,1.03,0.97,45.66,0.08,0.04,0.03,45281.76468,63727,0.690276701,0.454367765,-0.999984617,0.006395637
57,1.03,0.97,45.66,0.08,0.05,0.01,45281.76468,63727,0.690276701,0.454367765,-0.999984617,0.006395637
58,1.03,0.97,45.66,0.08,0.05,0.02,45281.76468,63727,0.690276701,0.454367765,-0.999984617,0.006395637
59,1.03,0.97,45.66,0.08,0.05,0.03,45281.76468,63727,0.690276701,0.454367765,-0.999984617,0.006395637
60,1.03,0.97,45.66,0.08,0.06,0.01,45281.76468,63727,0.690276701,0.454367765,-0.999984617,0.006395637
61,1.03,0.97,45.66,0.08,0.06,0.02,45281.76468,63727,0.690276701,0.454367765,-0.999984617,0.006395637
62,1.03,0.97,45.66,0.08,0.06,0.03,45281.76468,63727,0.690276701,0.454367765,-0.999984617,0.006395637
513,1.07,0.97,42.82,0.08,0.04,0.01,45279.06409,63727,0.645660248,0.447335512,-1.125262225,0.005682628
514,1.07,0.97,42.82,0.08,0.04,0.02,45279.06409,63727,0.645660248,0.447335512,-1.125262225,0.005682628
515,1.07,0.97,42.82,0.08,0.04,0.03,45279.06409,63727,0.645660248,0.447335512,-1.125262225,0.005682628
516,1.07,0.97,42.82,0.08,0.05,0.01,45279.06409,63727,0.645660248,0.447335512,-1.125262225,0.005682628
517,1.07,0.97,42.82,0.08,0.05,0.02,45279.06409,63727,0.645660248,0.447335512,-1.125262225,0.005682628
518,1.07,0.97,42.82,0.08,0.05,0.03,45279.06409,63727,0.645660248,0.447335512,-1.125262225,0.005682628
519,1.07,0.97,42.82,0.08,0.06,0.01,45279.06409,63727,0.645660248,0.447335512,-1.125262225,0.005682628
520,1.07,0.97,42.82,0.08,0.06,0.02,45279.06409,63727,0.645660248,0.447335512,-1.125262225,0.005682628
521,1.07,0.97,42.82,0.08,0.06,0.03,45279.06409,63727,0.645660248,0.447335512,-1.125262225,0.005682628
486,1.07,0.97,39.882,0.08,0.04,0.01,45226.66732,63727,0.6504476,0.44847145,-1.125262225,0.005678218
487,1.07,0.97,39.882,0.08,0.04,0.02,45226.66732,63727,0.6504476,0.44847145,-1.125262225,0.005678218
488,1.07,0.97,39.882,0.08,0.04,0.03,45226.66732,63727,0.6504476,0.44847145,-1.125262225,0.005678218
489,1.07,0.97,39.882,0.08,0.05,0.01,45226.66732,63727,0.6504476,0.44847145,-1.125262225,0.005678218
490,1.07,0.97,39.882,0.08,0.05,0.02,45226.66732,63727,0.6504476,0.44847145,-1.125262225,0.005678218
491,1.07,0.97,39.882,0.08,0.05,0.03,45226.66732,63727,0.6504476,0.44847145,-1.125262225,0.005678218
492,1.07,0.97,39.882,0.08,0.06,0.01,45226.66732,63727,0.6504476,0.44847145,-1.125262225,0.005678218
493,1.07,0.97,39.882,0.08,0.06,0.02,45226.66732,63727,0.6504476,0.44847145,-1.125262225,0.005678218
494,1.07,0.97,39.882,0.08,0.06,0.03,45226.66732,63727,0.6504476,0.44847145,-1.125262225,0.005678218
360,1.05,0.95,42.82,0.1,0.04,0.01,44539.32727,63727,0.70696262,0.45755924,-0.926928402,0.006828904
361,1.05,0.95,42.82,0.1,0.04,0.02,44539.32727,63727,0.70696262,0.45755924,-0.926928402,0.006828904
362,1.05,0.95,42.82,0.1,0.04,0.03,44539.32727,63727,0.70696262,0.45755924,-0.926928402,0.006828904
363,1.05,0.95,42.82,0.1,0.05,0.01,44539.32727,63727,0.70696262,0.45755924,-0.926928402,0.006828904
364,1.05,0.95,42.82,0.1,0.05,0.02,44539.32727,63727,0.70696262,0.45755924,-0.926928402,0.006828904
365,1.05,0.95,42.82,0.1,0.05,0.03,44539.32727,63727,0.70696262,0.45755924,-0.926928402,0.006828904
366,1.05,0.95,42.82,0.1,0.06,0.01,44539.32727,63727,0.70696262,0.45755924,-0.926928402,0.006828904
367,1.05,0.95,42.82,0.1,0.06,0.02,44539.32727,63727,0.70696262,0.45755924,-0.926928402,0.006828904
368,1.05,0.95,42.82,0.1,0.06,0.03,44539.32727,63727,0.70696262,0.45755924,-0.926928402,0.006828904
117,1.03,0.95,42.82,0.1,0.04,0.01,41933.00496,63727,0.711795825,0.458130589,-0.999984617,0.006092586
118,1.03,0.95,42.82,0.1,0.04,0.02,41933.00496,63727,0.711795825,0.458130589,-0.999984617,0.006092586
119,1.03,0.95,42.82,0.1,0.04,0.03,41933.00496,63727,0.711795825,0.458130589,-0.999984617,0.006092586
120,1.03,0.95,42.82,0.1,0.05,0.01,41933.00496,63727,0.711795825,0.458130589,-0.999984617,0.006092586
121,1.03,0.95,42.82,0.1,0.05,0.02,41933.00496,63727,0.711795825,0.458130589,-0.999984617,0.006092586
122,1.03,0.95,42.82,0.1,0.05,0.03,41933.00496,63727,0.711795825,0.458130589,-0.999984617,0.006092586
123,1.03,0.95,42.82,0.1,0.06,0.01,41933.00496,63727,0.711795825,0.458130589,-0.999984617,0.006092586
124,1.03,0.95,42.82,0.1,0.06,0.02,41933.00496,63727,0.711795825,0.458130589,-0.999984617,0.006092586
125,1.03,0.95,42.82,0.1,0.06,0.03,41933.00496,63727,0.711795825,0.458130589,-0.999984617,0.006092586
378,1.05,0.95,45.66,0.08,0.04,0.01,39289.03839,63727,0.703382098,0.456171522,-1.55766235,0.003750451
379,1.05,0.95,45.66,0.08,0.04,0.02,39289.03839,63727,0.703382098,0.456171522,-1.55766235,0.003750451
380,1.05,0.95,45.66,0.08,0.04,0.03,39289.03839,63727,0.703382098,0.456171522,-1.55766235,0.003750451
381,1.05,0.95,45.66,0.08,0.05,0.01,39289.03839,63727,0.703382098,0.456171522,-1.55766235,0.003750451
382,1.05,0.95,45.66,0.08,0.05,0.02,39289.03839,63727,0.703382098,0.456171522,-1.55766235,0.003750451
383,1.05,0.95,45.66,0.08,0.05,0.03,39289.03839,63727,0.703382098,0.456171522,-1.55766235,0.003750451
384,1.05,0.95,45.66,0.08,0.06,0.01,39289.03839,63727,0.703382098,0.456171522,-1.55766235,0.003750451
385,1.05,0.95,45.66,0.08,0.06,0.02,39289.03839,63727,0.703382098,0.456171522,-1.55766235,0.003750451
386,1.05,0.95,45.66,0.08,0.06,0.03,39289.03839,63727,0.703382098,0.456171522,-1.55766235,0.003750451
621,1.07,0.95,45.66,0.08,0.04,0.01,38695.38127,63727,0.679371672,0.453163998,-1.242565371,0.004654478
622,1.07,0.95,45.66,0.08,0.04,0.02,38695.38127,63727,0.679371672,0.453163998,-1.242565371,0.004654478
623,1.07,0.95,45.66,0.08,0.04,0.03,38695.38127,63727,0.679371672,0.453163998,-1.242565371,0.004654478
624,1.07,0.95,45.66,0.08,0.05,0.01,38695.38127,63727,0.679371672,0.453163998,-1.242565371,0.004654478
625,1.07,0.95,45.66,0.08,0.05,0.02,38695.38127,63727,0.679371672,0.453163998,-1.242565371,0.004654478
626,1.07,0.95,45.66,0.08,0.05,0.03,38695.38127,63727,0.679371672,0.453163998,-1.242565371,0.004654478
627,1.07,0.95,45.66,0.08,0.06,0.01,38695.38127,63727,0.679371672,0.453163998,-1.242565371,0.004654478
628,1.07,0.95,45.66,0.08,0.06,0.02,38695.38127,63727,0.679371672,0.453163998,-1.242565371,0.004654478
629,1.07,0.95,45.66,0.08,0.06,0.03,38695.38127,63727,0.679371672,0.453163998,-1.242565371,0.004654478
342,1.05,0.95,39.882,0.12,0.04,0.01,19957.95958,63727,0.703642412,0.454303817,-0.926928402,0.003854535
343,1.05,0.95,39.882,0.12,0.04,0.02,19957.95958,63727,0.703642412,0.454303817,-0.926928402,0.003854535
344,1.05,0.95,39.882,0.12,0.04,0.03,19957.95958,63727,0.703642412,0.454303817,-0.926928402,0.003854535
345,1.05,0.95,39.882,0.12,0.05,0.01,19957.95958,63727,0.703642412,0.454303817,-0.926928402,0.003854535
346,1.05,0.95,39.882,0.12,0.05,0.02,19957.95958,63727,0.703642412,0.454303817,-0.926928402,0.003854535
347,1.05,0.95,39.882,0.12,0.05,0.03,19957.95958,63727,0.703642412,0.454303817,-0.926928402,0.003854535
348,1.05,0.95,39.882,0.12,0.06,0.01,19957.95958,63727,0.703642412,0.454303817,-0.926928402,0.003854535
349,1.05,0.95,39.882,0.12,0.06,0.02,19957.95958,63727,0.703642412,0.454303817,-0.926928402,0.003854535
350,1.05,0.95,39.882,0.12,0.06,0.03,19957.95958,63727,0.703642412,0.454303817,-0.926928402,0.003854535
585,1.07,0.95,39.882,0.12,0.04,0.01,18939.43803,63727,0.696168013,0.453579171,-1.242565371,0.002755176
586,1.07,0.95,39.882,0.12,0.04,0.02,18939.43803,63727,0.696168013,0.453579171,-1.242565371,0.002755176
587,1.07,0.95,39.882,0.12,0.04,0.03,18939.43803,63727,0.696168013,0.453579171,-1.242565371,0.002755176
588,1.07,0.95,39.882,0.12,0.05,0.01,18939.43803,63727,0.696168013,0.453579171,-1.242565371,0.002755176
589,1.07,0.95,39.882,0.12,0.05,0.02,18939.43803,63727,0.696168013,0.453579171,-1.242565371,0.002755176
590,1.07,0.95,39.882,0.12,0.05,0.03,18939.43803,63727,0.696168013,0.453579171,-1.242565371,0.002755176
591,1.07,0.95,39.882,0.12,0.06,0.01,18939.43803,63727,0.696168013,0.453579171,-1.242565371,0.002755176
592,1.07,0.95,39.882,0.12,0.06,0.02,18939.43803,63727,0.696168013,0.453579171,-1.242565371,0.002755176
593,1.07,0.95,39.882,0.12,0.06,0.03,18939.43803,63727,0.696168013,0.453579171,-1.242565371,0.002755176
99,1.03,0.95,39.882,0.12,0.04,0.01,18426.42861,63727,0.70777254,0.454958699,-0.999984617,0.003347475
100,1.03,0.95,39.882,0.12,0.04,0.02,18426.42861,63727,0.70777254,0.454958699,-0.999984617,0.003347475
101,1.03,0.95,39.882,0.12,0.04,0.03,18426.42861,63727,0.70777254,0.454958699,-0.999984617,0.003347475
102,1.03,0.95,39.882,0.12,0.05,0.01,18426.42861,63727,0.70777254,0.454958699,-0.999984617,0.003347475
103,1.03,0.95,39.882,0.12,0.05,0.02,18426.42861,63727,0.70777254,0.454958699,-0.999984617,0.003347475
104,1.03,0.95,39.882,0.12,0.05,0.03,18426.42861,63727,0.70777254,0.454958699,-0.999984617,0.003347475
105,1.03,0.95,39.882,0.12,0.06,0.01,18426.42861,63727,0.70777254,0.454958699,-0.999984617,0.003347475
106,1.03,0.95,39.882,0.12,0.06,0.02,18426.42861,63727,0.70777254,0.454958699,-0.999984617,0.003347475
107,1.03,0.95,39.882,0.12,0.06,0.03,18426.42861,63727,0.70777254,0.454958699,-0.999984617,0.003347475
594,1.07,0.95,42.82,0.08,0.04,0.01,17116.31427,63727,0.683326768,0.451515426,-1.242565371,0.002533623
595,1.07,0.95,42.82,0.08,0.04,0.02,17116.31427,63727,0.683326768,0.451515426,-1.242565371,0.002533623
596,1.07,0.95,42.82,0.08,0.04,0.03,17116.31427,63727,0.683326768,0.451515426,-1.242565371,0.002533623
597,1.07,0.95,42.82,0.08,0.05,0.01,17116.31427,63727,0.683326768,0.451515426,-1.242565371,0.002533623
598,1.07,0.95,42.82,0.08,0.05,0.02,17116.31427,63727,0.683326768,0.451515426,-1.242565371,0.002533623
599,1.07,0.95,42.82,0.08,0.05,0.03,17116.31427,63727,0.683326768,0.451515426,-1.242565371,0.002533623
600,1.07,0.95,42.82,0.08,0.06,0.01,17116.31427,63727,0.683326768,0.451515426,-1.242565371,0.002533623
601,1.07,0.95,42.82,0.08,0.06,0.02,17116.31427,63727,0.683326768,0.451515426,-1.242565371,0.002533623
602,1.07,0.95,42.82,0.08,0.06,0.03,17116.31427,63727,0.683326768,0.451515426,-1.242565371,0.002533623
108,1.03,0.95,42.82,0.08,0.04,0.01,15637.0704,63727,0.70865864,0.456078291,-0.999984617,0.002912737
109,1.03,0.95,42.82,0.08,0.04,0.02,15637.0704,63727,0.70865864,0.456078291,-0.999984617,0.002912737
110,1.03,0.95,42.82,0.08,0.04,0.03,15637.0704,63727,0.70865864,0.456078291,-0.999984617,0.002912737
111,1.03,0.95,42.82,0.08,0.05,0.01,15637.0704,63727,0.70865864,0.456078291,-0.999984617,0.002912737
112,1.03,0.95,42.82,0.08,0.05,0.02,15637.0704,63727,0.70865864,0.456078291,-0.999984617,0.002912737
113,1.03,0.95,42.82,0.08,0.05,0.03,15637.0704,63727,0.70865864,0.456078291,-0.999984617,0.002912737
114,1.03,0.95,42.82,0.08,0.06,0.01,15637.0704,63727,0.70865864,0.456078291,-0.999984617,0.002912737
115,1.03,0.95,42.82,0.08,0.06,0.02,15637.0704,63727,0.70865864,0.456078291,-0.999984617,0.002912737
116,1.03,0.95,42.82,0.08,0.06,0.03,15637.0704,63727,0.70865864,0.456078291,-0.999984617,0.002912737
333,1.05,0.95,39.882,0.1,0.04,0.01,12870.93692,63727,0.702933764,0.453408218,-0.926928402,0.002645158
334,1.05,0.95,39.882,0.1,0.04,0.02,12870.93692,63727,0.702933764,0.453408218,-0.926928402,0.002645158
335,1.05,0.95,39.882,0.1,0.04,0.03,12870.93692,63727,0.702933764,0.453408218,-0.926928402,0.002645158
336,1.05,0.95,39.882,0.1,0.05,0.01,12870.93692,63727,0.702933764,0.453408218,-0.926928402,0.002645158
337,1.05,0.95,39.882,0.1,0.05,0.02,12870.93692,63727,0.702933764,0.453408218,-0.926928402,0.002645158
338,1.05,0.95,39.882,0.1,0.05,0.03,12870.93692,63727,0.702933764,0.453408218,-0.926928402,0.002645158
339,1.05,0.95,39.882,0.1,0.06,0.01,12870.93692,63727,0.702933764,0.453408218,-0.926928402,0.002645158
340,1.05,0.95,39.882,0.1,0.06,0.02,12870.93692,63727,0.702933764,0.453408218,-0.926928402,0.002645158
341,1.05,0.95,39.882,0.1,0.06,0.03,12870.93692,63727,0.702933764,0.453408218,-0.926928402,0.002645158
351,1.05,0.95,42.82,0.08,0.04,0.01,12510.53989,63727,0.700876757,0.453330918,-1.55766235,0.001532659
352,1.05,0.95,42.82,0.08,0.04,0.02,12510.53989,63727,0.700876757,0.453330918,-1.55766235,0.001532659
353,1.05,0.95,42.82,0.08,0.04,0.03,12510.53989,63727,0.700876757,0.453330918,-1.55766235,0.001532659
354,1.05,0.95,42.82,0.08,0.05,0.01,12510.53989,63727,0.700876757,0.453330918,-1.55766235,0.001532659
355,1.05,0.95,42.82,0.08,0.05,0.02,12510.53989,63727,0.700876757,0.453330918,-1.55766235,0.001532659
356,1.05,0.95,42.82,0.08,0.05,0.03,12510.53989,63727,0.700876757,0.453330918,-1.55766235,0.001532659
357,1.05,0.95,42.82,0.08,0.06,0.01,12510.53989,63727,0.700876757,0.453330918,-1.55766235,0.001532659
358,1.05,0.95,42.82,0.08,0.06,0.02,12510.53989,63727,0.700876757,0.453330918,-1.55766235,0.001532659
359,1.05,0.95,42.82,0.08,0.06,0.03,12510.53989,63727,0.700876757,0.453330918,-1.55766235,0.001532659
90,1.03,0.95,39.882,0.1,0.04,0.01,12362.60776,63727,0.705041336,0.453184653,-0.999984617,0.002362693
91,1.03,0.95,39.882,0.1,0.04,0.02,12362.60776,63727,0.705041336,0.453184653,-0.999984617,0.002362693
92,1.03,0.95,39.882,0.1,0.04,0.03,12362.60776,63727,0.705041336,0.453184653,-0.999984617,0.002362693
93,1.03,0.95,39.882,0.1,0.05,0.01,12362.60776,63727,0.705041336,0.453184653,-0.999984617,0.002362693
94,1.03,0.95,39.882,0.1,0.05,0.02,12362.60776,63727,0.705041336,0.453184653,-0.999984617,0.002362693
95,1.03,0.95,39.882,0.1,0.05,0.03,12362.60776,63727,0.705041336,0.453184653,-0.999984617,0.002362693
96,1.03,0.95,39.882,0.1,0.06,0.01,12362.60776,63727,0.705041336,0.453184653,-0.999984617,0.002362693
97,1.03,0.95,39.882,0.1,0.06,0.02,12362.60776,63727,0.705041336,0.453184653,-0.999984617,0.002362693
98,1.03,0.95,39.882,0.1,0.06,0.03,12362.60776,63727,0.705041336,0.453184653,-0.999984617,0.002362693
576,1.07,0.95,39.882,0.1,0.04,0.01,11745.70341,63727,0.69479939,0.451919838,-1.242565371,0.001811606
577,1.07,0.95,39.882,0.1,0.04,0.02,11745.70341,63727,0.69479939,0.451919838,-1.242565371,0.001811606
578,1.07,0.95,39.882,0.1,0.04,0.03,11745.70341,63727,0.69479939,0.451919838,-1.242565371,0.001811606
579,1.07,0.95,39.882,0.1,0.05,0.01,11745.70341,63727,0.69479939,0.451919838,-1.242565371,0.001811606
580,1.07,0.95,39.882,0.1,0.05,0.02,11745.70341,63727,0.69479939,0.451919838,-1.242565371,0.001811606
581,1.07,0.95,39.882,0.1,0.05,0.03,11745.70341,63727,0.69479939,0.451919838,-1.242565371,0.001811606
582,1.07,0.95,39.882,0.1,0.06,0.01,11745.70341,63727,0.69479939,0.451919838,-1.242565371,0.001811606
583,1.07,0.95,39.882,0.1,0.06,0.02,11745.70341,63727,0.69479939,0.451919838,-1.242565371,0.001811606
584,1.07,0.95,39.882,0.1,0.06,0.03,11745.70341,63727,0.69479939,0.451919838,-1.242565371,0.001811606
567,1.07,0.95,39.882,0.08,0.04,0.01,3501.321465,63727,0.690035664,0.449885834,-1.242565371,0.000424596
568,1.07,0.95,39.882,0.08,0.04,0.02,3501.321465,63727,0.690035664,0.449885834,-1.242565371,0.000424596
569,1.07,0.95,39.882,0.08,0.04,0.03,3501.321465,63727,0.690035664,0.449885834,-1.242565371,0.000424596
570,1.07,0.95,39.882,0.08,0.05,0.01,3501.321465,63727,0.690035664,0.449885834,-1.242565371,0.000424596
571,1.07,0.95,39.882,0.08,0.05,0.02,3501.321465,63727,0.690035664,0.449885834,-1.242565371,0.000424596
572,1.07,0.95,39.882,0.08,0.05,0.03,3501.321465,63727,0.690035664,0.449885834,-1.242565371,0.000424596
573,1.07,0.95,39.882,0.08,0.06,0.01,3501.321465,63727,0.690035664,0.449885834,-1.242565371,0.000424596
574,1.07,0.95,39.882,0.08,0.06,0.02,3501.321465,63727,0.690035664,0.449885834,-1.242565371,0.000424596
575,1.07,0.95,39.882,0.08,0.06,0.03,3501.321465,63727,0.690035664,0.449885834,-1.242565371,0.000424596
81,1.03,0.95,39.882,0.08,0.04,0.01,2486.437013,63727,0.704934625,0.453034965,-1.089509079,0.000250601
82,1.03,0.95,39.882,0.08,0.04,0.02,2486.437013,63727,0.704934625,0.453034965,-1.089509079,0.000250601
83,1.03,0.95,39.882,0.08,0.04,0.03,2486.437013,63727,0.704934625,0.453034965,-1.089509079,0.000250601
84,1.03,0.95,39.882,0.08,0.05,0.01,2486.437013,63727,0.704934625,0.453034965,-1.089509079,0.000250601
85,1.03,0.95,39.882,0.08,0.05,0.02,2486.437013,63727,0.704934625,0.453034965,-1.089509079,0.000250601
86,1.03,0.95,39.882,0.08,0.05,0.03,2486.437013,63727,0.704934625,0.453034965,-1.089509079,0.000250601
87,1.03,0.95,39.882,0.08,0.06,0.01,2486.437013,63727,0.704934625,0.453034965,-1.089509079,0.000250601
88,1.03,0.95,39.882,0.08,0.06,0.02,2486.437013,63727,0.704934625,0.453034965,-1.089509079,0.000250601
89,1.03,0.95,39.882,0.08,0.06,0.03,2486.437013,63727,0.704934625,0.453034965,-1.089509079,0.000250601
324,1.05,0.95,39.882,0.08,0.04,0.01,639.7216435,63727,0.698080565,0.450015867,-1.55766235,-0.000138166
325,1.05,0.95,39.882,0.08,0.04,0.02,639.7216435,63727,0.698080565,0.450015867,-1.55766235,-0.000138166
326,1.05,0.95,39.882,0.08,0.04,0.03,639.7216435,63727,0.698080565,0.450015867,-1.55766235,-0.000138166
327,1.05,0.95,39.882,0.08,0.05,0.01,639.7216435,63727,0.698080565,0.450015867,-1.55766235,-0.000138166
328,1.05,0.95,39.882,0.08,0.05,0.02,639.7216435,63727,0.698080565,0.450015867,-1.55766235,-0.000138166
329,1.05,0.95,39.882,0.08,0.05,0.03,639.7216435,63727,0.698080565,0.450015867,-1.55766235,-0.000138166
330,1.05,0.95,39.882,0.08,0.06,0.01,639.7216435,63727,0.698080565,0.450015867,-1.55766235,-0.000138166
331,1.05,0.95,39.882,0.08,0.06,0.02,639.7216435,63727,0.698080565,0.450015867,-1.55766235,-0.000138166
332,1.05,0.95,39.882,0.08,0.06,0.03,639.7216435,63727,0.698080565,0.450015867,-1.55766235,-0.000138166
441,1.05,0.93,42.82,0.1,0.04,0.01,-9393.315068,63727,0.693860962,0.445280031,-2.115687918,-0.001899482
442,1.05,0.93,42.82,0.1,0.04,0.02,-9393.315068,63727,0.693860962,0.445280031,-2.115687918,-0.001899482
443,1.05,0.93,42.82,0.1,0.04,0.03,-9393.315068,63727,0.693860962,0.445280031,-2.115687918,-0.001899482
444,1.05,0.93,42.82,0.1,0.05,0.01,-9393.315068,63727,0.693860962,0.445280031,-2.115687918,-0.001899482
445,1.05,0.93,42.82,0.1,0.05,0.02,-9393.315068,63727,0.693860962,0.445280031,-2.115687918,-0.001899482
446,1.05,0.93,42.82,0.1,0.05,0.03,-9393.315068,63727,0.693860962,0.445280031,-2.115687918,-0.001899482
447,1.05,0.93,42.82,0.1,0.06,0.01,-9393.315068,63727,0.693860962,0.445280031,-2.115687918,-0.001899482
448,1.05,0.93,42.82,0.1,0.06,0.02,-9393.315068,63727,0.693860962,0.445280031,-2.115687918,-0.001899482
449,1.05,0.93,42.82,0.1,0.06,0.03,-9393.315068,63727,0.693860962,0.445280031,-2.115687918,-0.001899482
450,1.05,0.93,42.82,0.12,0.04,0.01,-9393.315068,63727,0.693860962,0.445280031,-2.115687918,-0.001899482
451,1.05,0.93,42.82,0.12,0.04,0.02,-9393.315068,63727,0.693860962,0.445280031,-2.115687918,-0.001899482
452,1.05,0.93,42.82,0.12,0.04,0.03,-9393.315068,63727,0.693860962,0.445280031,-2.115687918,-0.001899482
453,1.05,0.93,42.82,0.12,0.05,0.01,-9393.315068,63727,0.693860962,0.445280031,-2.115687918,-0.001899482
454,1.05,0.93,42.82,0.12,0.05,0.02,-9393.315068,63727,0.693860962,0.445280031,-2.115687918,-0.001899482
455,1.05,0.93,42.82,0.12,0.05,0.03,-9393.315068,63727,0.693860962,0.445280031,-2.115687918,-0.001899482
456,1.05,0.93,42.82,0.12,0.06,0.01,-9393.315068,63727,0.693860962,0.445280031,-2.115687918,-0.001899482
457,1.05,0.93,42.82,0.12,0.06,0.02,-9393.315068,63727,0.693860962,0.445280031,-2.115687918,-0.001899482
458,1.05,0.93,42.82,0.12,0.06,0.03,-9393.315068,63727,0.693860962,0.445280031,-2.115687918,-0.001899482
468,1.05,0.93,45.66,0.1,0.04,0.01,-9393.315068,63727,0.693860962,0.445280031,-2.115687918,-0.001899482
469,1.05,0.93,45.66,0.1,0.04,0.02,-9393.315068,63727,0.693860962,0.445280031,-2.115687918,-0.001899482
470,1.05,0.93,45.66,0.1,0.04,0.03,-9393.315068,63727,0.693860962,0.445280031,-2.115687918,-0.001899482
471,1.05,0.93,45.66,0.1,0.05,0.01,-9393.315068,63727,0.693860962,0.445280031,-2.115687918,-0.001899482
472,1.05,0.93,45.66,0.1,0.05,0.02,-9393.315068,63727,0.693860962,0.445280031,-2.115687918,-0.001899482
473,1.05,0.93,45.66,0.1,0.05,0.03,-9393.315068,63727,0.693860962,0.445280031,-2.115687918,-0.001899482
474,1.05,0.93,45.66,0.1,0.06,0.01,-9393.315068,63727,0.693860962,0.445280031,-2.115687918,-0.001899482
475,1.05,0.93,45.66,0.1,0.06,0.02,-9393.315068,63727,0.693860962,0.445280031,-2.115687918,-0.001899482
476,1.05,0.93,45.66,0.1,0.06,0.03,-9393.315068,63727,0.693860962,0.445280031,-2.115687918,-0.001899482
477,1.05,0.93,45.66,0.12,0.04,0.01,-9393.315068,63727,0.693860962,0.445280031,-2.115687918,-0.001899482
478,1.05,0.93,45.66,0.12,0.04,0.02,-9393.315068,63727,0.693860962,0.445280031,-2.115687918,-0.001899482
479,1.05,0.93,45.66,0.12,0.04,0.03,-9393.315068,63727,0.693860962,0.445280031,-2.115687918,-0.001899482
480,1.05,0.93,45.66,0.12,0.05,0.01,-9393.315068,63727,0.693860962,0.445280031,-2.115687918,-0.001899482
481,1.05,0.93,45.66,0.12,0.05,0.02,-9393.315068,63727,0.693860962,0.445280031,-2.115687918,-0.001899482
482,1.05,0.93,45.66,0.12,0.05,0.03,-9393.315068,63727,0.693860962,0.445280031,-2.115687918,-0.001899482
483,1.05,0.93,45.66,0.12,0.06,0.01,-9393.315068,63727,0.693860962,0.445280031,-2.115687918,-0.001899482
484,1.05,0.93,45.66,0.12,0.06,0.02,-9393.315068,63727,0.693860962,0.445280031,-2.115687918,-0.001899482
485,1.05,0.93,45.66,0.12,0.06,0.03,-9393.315068,63727,0.693860962,0.445280031,-2.115687918,-0.001899482
432,1.05,0.93,42.82,0.08,0.04,0.01,-9452.968744,63727,0.692053415,0.44429971,-2.142702357,-0.001889234
433,1.05,0.93,42.82,0.08,0.04,0.02,-9452.968744,63727,0.692053415,0.44429971,-2.142702357,-0.001889234
434,1.05,0.93,42.82,0.08,0.04,0.03,-9452.968744,63727,0.692053415,0.44429971,-2.142702357,-0.001889234
435,1.05,0.93,42.82,0.08,0.05,0.01,-9452.968744,63727,0.692053415,0.44429971,-2.142702357,-0.001889234
436,1.05,0.93,42.82,0.08,0.05,0.02,-9452.968744,63727,0.692053415,0.44429971,-2.142702357,-0.001889234
437,1.05,0.93,42.82,0.08,0.05,0.03,-9452.968744,63727,0.692053415,0.44429971,-2.142702357,-0.001889234
438,1.05,0.93,42.82,0.08,0.06,0.01,-9452.968744,63727,0.692053415,0.44429971,-2.142702357,-0.001889234
439,1.05,0.93,42.82,0.08,0.06,0.02,-9452.968744,63727,0.692053415,0.44429971,-2.142702357,-0.001889234
440,1.05,0.93,42.82,0.08,0.06,0.03,-9452.968744,63727,0.692053415,0.44429971,-2.142702357,-0.001889234
459,1.05,0.93,45.66,0.08,0.04,0.01,-9452.968744,63727,0.692053415,0.44429971,-2.142702357,-0.001889234
460,1.05,0.93,45.66,0.08,0.04,0.02,-9452.968744,63727,0.692053415,0.44429971,-2.142702357,-0.001889234
461,1.05,0.93,45.66,0.08,0.04,0.03,-9452.968744,63727,0.692053415,0.44429971,-2.142702357,-0.001889234
462,1.05,0.93,45.66,0.08,0.05,0.01,-9452.968744,63727,0.692053415,0.44429971,-2.142702357,-0.001889234
463,1.05,0.93,45.66,0.08,0.05,0.02,-9452.968744,63727,0.692053415,0.44429971,-2.142702357,-0.001889234
464,1.05,0.93,45.66,0.08,0.05,0.03,-9452.968744,63727,0.692053415,0.44429971,-2.142702357,-0.001889234
465,1.05,0.93,45.66,0.08,0.06,0.01,-9452.968744,63727,0.692053415,0.44429971,-2.142702357,-0.001889234
466,1.05,0.93,45.66,0.08,0.06,0.02,-9452.968744,63727,0.692053415,0.44429971,-2.142702357,-0.001889234
467,1.05,0.93,45.66,0.08,0.06,0.03,-9452.968744,63727,0.692053415,0.44429971,-2.142702357,-0.001889234
189,1.03,0.93,42.82,0.08,0.04,0.01,-9483.626243,63727,0.69392743,0.445401915,-2.149063403,-0.001891915
190,1.03,0.93,42.82,0.08,0.04,0.02,-9483.626243,63727,0.69392743,0.445401915,-2.149063403,-0.001891915
191,1.03,0.93,42.82,0.08,0.04,0.03,-9483.626243,63727,0.69392743,0.445401915,-2.149063403,-0.001891915
192,1.03,0.93,42.82,0.08,0.05,0.01,-9483.626243,63727,0.69392743,0.445401915,-2.149063403,-0.001891915
193,1.03,0.93,42.82,0.08,0.05,0.02,-9483.626243,63727,0.69392743,0.445401915,-2.149063403,-0.001891915
194,1.03,0.93,42.82,0.08,0.05,0.03,-9483.626243,63727,0.69392743,0.445401915,-2.149063403,-0.001891915
195,1.03,0.93,42.82,0.08,0.06,0.01,-9483.626243,63727,0.69392743,0.445401915,-2.149063403,-0.001891915
196,1.03,0.93,42.82,0.08,0.06,0.02,-9483.626243,63727,0.69392743,0.445401915,-2.149063403,-0.001891915
197,1.03,0.93,42.82,0.08,0.06,0.03,-9483.626243,63727,0.69392743,0.445401915,-2.149063403,-0.001891915
198,1.03,0.93,42.82,0.1,0.04,0.01,-9483.626243,63727,0.69392743,0.445401915,-2.149063403,-0.001891915
199,1.03,0.93,42.82,0.1,0.04,0.02,-9483.626243,63727,0.69392743,0.445401915,-2.149063403,-0.001891915
200,1.03,0.93,42.82,0.1,0.04,0.03,-9483.626243,63727,0.69392743,0.445401915,-2.149063403,-0.001891915
201,1.03,0.93,42.82,0.1,0.05,0.01,-9483.626243,63727,0.69392743,0.445401915,-2.149063403,-0.001891915
202,1.03,0.93,42.82,0.1,0.05,0.02,-9483.626243,63727,0.69392743,0.445401915,-2.149063403,-0.001891915
203,1.03,0.93,42.82,0.1,0.05,0.03,-9483.626243,63727,0.69392743,0.445401915,-2.149063403,-0.001891915
204,1.03,0.93,42.82,0.1,0.06,0.01,-9483.626243,63727,0.69392743,0.445401915,-2.149063403,-0.001891915
205,1.03,0.93,42.82,0.1,0.06,0.02,-9483.626243,63727,0.69392743,0.445401915,-2.149063403,-0.001891915
206,1.03,0.93,42.82,0.1,0.06,0.03,-9483.626243,63727,0.69392743,0.445401915,-2.149063403,-0.001891915
207,1.03,0.93,42.82,0.12,0.04,0.01,-9483.626243,63727,0.69392743,0.445401915,-2.149063403,-0.001891915
208,1.03,0.93,42.82,0.12,0.04,0.02,-9483.626243,63727,0.69392743,0.445401915,-2.149063403,-0.001891915
209,1.03,0.93,42.82,0.12,0.04,0.03,-9483.626243,63727,0.69392743,0.445401915,-2.149063403,-0.001891915
210,1.03,0.93,42.82,0.12,0.05,0.01,-9483.626243,63727,0.69392743,0.445401915,-2.149063403,-0.001891915
211,1.03,0.93,42.82,0.12,0.05,0.02,-9483.626243,63727,0.69392743,0.445401915,-2.149063403,-0.001891915
212,1.03,0.93,42.82,0.12,0.05,0.03,-9483.626243,63727,0.69392743,0.445401915,-2.149063403,-0.001891915
213,1.03,0.93,42.82,0.12,0.06,0.01,-9483.626243,63727,0.69392743,0.445401915,-2.149063403,-0.001891915
214,1.03,0.93,42.82,0.12,0.06,0.02,-9483.626243,63727,0.69392743,0.445401915,-2.149063403,-0.001891915
215,1.03,0.93,42.82,0.12,0.06,0.03,-9483.626243,63727,0.69392743,0.445401915,-2.149063403,-0.001891915
216,1.03,0.93,45.66,0.08,0.04,0.01,-9483.626243,63727,0.69392743,0.445401915,-2.149063403,-0.001891915
217,1.03,0.93,45.66,0.08,0.04,0.02,-9483.626243,63727,0.69392743,0.445401915,-2.149063403,-0.001891915
218,1.03,0.93,45.66,0.08,0.04,0.03,-9483.626243,63727,0.69392743,0.445401915,-2.149063403,-0.001891915
219,1.03,0.93,45.66,0.08,0.05,0.01,-9483.626243,63727,0.69392743,0.445401915,-2.149063403,-0.001891915
220,1.03,0.93,45.66,0.08,0.05,0.02,-9483.626243,63727,0.69392743,0.445401915,-2.149063403,-0.001891915
221,1.03,0.93,45.66,0.08,0.05,0.03,-9483.626243,63727,0.69392743,0.445401915,-2.149063403,-0.001891915
222,1.03,0.93,45.66,0.08,0.06,0.01,-9483.626243,63727,0.69392743,0.445401915,-2.149063403,-0.001891915
223,1.03,0.93,45.66,0.08,0.06,0.02,-9483.626243,63727,0.69392743,0.445401915,-2.149063403,-0.001891915
224,1.03,0.93,45.66,0.08,0.06,0.03,-9483.626243,63727,0.69392743,0.445401915,-2.149063403,-0.001891915
225,1.03,0.93,45.66,0.1,0.04,0.01,-9483.626243,63727,0.69392743,0.445401915,-2.149063403,-0.001891915
226,1.03,0.93,45.66,0.1,0.04,0.02,-9483.626243,63727,0.69392743,0.445401915,-2.149063403,-0.001891915
227,1.03,0.93,45.66,0.1,0.04,0.03,-9483.626243,63727,0.69392743,0.445401915,-2.149063403,-0.001891915
228,1.03,0.93,45.66,0.1,0.05,0.01,-9483.626243,63727,0.69392743,0.445401915,-2.149063403,-0.001891915
229,1.03,0.93,45.66,0.1,0.05,0.02,-9483.626243,63727,0.69392743,0.445401915,-2.149063403,-0.001891915
230,1.03,0.93,45.66,0.1,0.05,0.03,-9483.626243,63727,0.69392743,0.445401915,-2.149063403,-0.001891915
231,1.03,0.93,45.66,0.1,0.06,0.01,-9483.626243,63727,0.69392743,0.445401915,-2.149063403,-0.001891915
232,1.03,0.93,45.66,0.1,0.06,0.02,-9483.626243,63727,0.69392743,0.445401915,-2.149063403,-0.001891915
233,1.03,0.93,45.66,0.1,0.06,0.03,-9483.626243,63727,0.69392743,0.445401915,-2.149063403,-0.001891915
234,1.03,0.93,45.66,0.12,0.04,0.01,-9483.626243,63727,0.69392743,0.445401915,-2.149063403,-0.001891915
235,1.03,0.93,45.66,0.12,0.04,0.02,-9483.626243,63727,0.69392743,0.445401915,-2.149063403,-0.001891915
236,1.03,0.93,45.66,0.12,0.04,0.03,-9483.626243,63727,0.69392743,0.445401915,-2.149063403,-0.001891915
237,1.03,0.93,45.66,0.12,0.05,0.01,-9483.626243,63727,0.69392743,0.445401915,-2.149063403,-0.001891915
238,1.03,0.93,45.66,0.12,0.05,0.02,-9483.626243,63727,0.69392743,0.445401915,-2.149063403,-0.001891915
239,1.03,0.93,45.66,0.12,0.05,0.03,-9483.626243,63727,0.69392743,0.445401915,-2.149063403,-0.001891915
240,1.03,0.93,45.66,0.12,0.06,0.01,-9483.626243,63727,0.69392743,0.445401915,-2.149063403,-0.001891915
241,1.03,0.93,45.66,0.12,0.06,0.02,-9483.626243,63727,0.69392743,0.445401915,-2.149063403,-0.001891915
242,1.03,0.93,45.66,0.12,0.06,0.03,-9483.626243,63727,0.69392743,0.445401915,-2.149063403,-0.001891915
405,1.05,0.93,39.882,0.08,0.04,0.01,-9794.228235,63727,0.69227631,0.44460025,-2.169826456,-0.001953419
406,1.05,0.93,39.882,0.08,0.04,0.02,-9794.228235,63727,0.69227631,0.44460025,-2.169826456,-0.001953419
407,1.05,0.93,39.882,0.08,0.04,0.03,-9794.228235,63727,0.69227631,0.44460025,-2.169826456,-0.001953419
408,1.05,0.93,39.882,0.08,0.05,0.01,-9794.228235,63727,0.69227631,0.44460025,-2.169826456,-0.001953419
409,1.05,0.93,39.882,0.08,0.05,0.02,-9794.228235,63727,0.69227631,0.44460025,-2.169826456,-0.001953419
410,1.05,0.93,39.882,0.08,0.05,0.03,-9794.228235,63727,0.69227631,0.44460025,-2.169826456,-0.001953419
411,1.05,0.93,39.882,0.08,0.06,0.01,-9794.228235,63727,0.69227631,0.44460025,-2.169826456,-0.001953419
412,1.05,0.93,39.882,0.08,0.06,0.02,-9794.228235,63727,0.69227631,0.44460025,-2.169826456,-0.001953419
413,1.05,0.93,39.882,0.08,0.06,0.03,-9794.228235,63727,0.69227631,0.44460025,-2.169826456,-0.001953419
162,1.03,0.93,39.882,0.08,0.04,0.01,-9832.857049,63727,0.69129181,0.443578305,-2.174119395,-0.001957779
163,1.03,0.93,39.882,0.08,0.04,0.02,-9832.857049,63727,0.69129181,0.443578305,-2.174119395,-0.001957779
164,1.03,0.93,39.882,0.08,0.04,0.03,-9832.857049,63727,0.69129181,0.443578305,-2.174119395,-0.001957779
165,1.03,0.93,39.882,0.08,0.05,0.01,-9832.857049,63727,0.69129181,0.443578305,-2.174119395,-0.001957779
166,1.03,0.93,39.882,0.08,0.05,0.02,-9832.857049,63727,0.69129181,0.443578305,-2.174119395,-0.001957779
167,1.03,0.93,39.882,0.08,0.05,0.03,-9832.857049,63727,0.69129181,0.443578305,-2.174119395,-0.001957779
168,1.03,0.93,39.882,0.08,0.06,0.01,-9832.857049,63727,0.69129181,0.443578305,-2.174119395,-0.001957779
169,1.03,0.93,39.882,0.08,0.06,0.02,-9832.857049,63727,0.69129181,0.443578305,-2.174119395,-0.001957779
170,1.03,0.93,39.882,0.08,0.06,0.03,-9832.857049,63727,0.69129181,0.443578305,-2.174119395,-0.001957779
171,1.03,0.93,39.882,0.1,0.04,0.01,-9832.857049,63727,0.69129181,0.443578305,-2.174119395,-0.001957779
172,1.03,0.93,39.882,0.1,0.04,0.02,-9832.857049,63727,0.69129181,0.443578305,-2.174119395,-0.001957779
173,1.03,0.93,39.882,0.1,0.04,0.03,-9832.857049,63727,0.69129181,0.443578305,-2.174119395,-0.001957779
174,1.03,0.93,39.882,0.1,0.05,0.01,-9832.857049,63727,0.69129181,0.443578305,-2.174119395,-0.001957779
175,1.03,0.93,39.882,0.1,0.05,0.02,-9832.857049,63727,0.69129181,0.443578305,-2.174119395,-0.001957779
176,1.03,0.93,39.882,0.1,0.05,0.03,-9832.857049,63727,0.69129181,0.443578305,-2.174119395,-0.001957779
177,1.03,0.93,39.882,0.1,0.06,0.01,-9832.857049,63727,0.69129181,0.443578305,-2.174119395,-0.001957779
178,1.03,0.93,39.882,0.1,0.06,0.02,-9832.857049,63727,0.69129181,0.443578305,-2.174119395,-0.001957779
179,1.03,0.93,39.882,0.1,0.06,0.03,-9832.857049,63727,0.69129181,0.443578305,-2.174119395,-0.001957779
180,1.03,0.93,39.882,0.12,0.04,0.01,-9832.857049,63727,0.69129181,0.443578305,-2.174119395,-0.001957779
181,1.03,0.93,39.882,0.12,0.04,0.02,-9832.857049,63727,0.69129181,0.443578305,-2.174119395,-0.001957779
182,1.03,0.93,39.882,0.12,0.04,0.03,-9832.857049,63727,0.69129181,0.443578305,-2.174119395,-0.001957779
183,1.03,0.93,39.882,0.12,0.05,0.01,-9832.857049,63727,0.69129181,0.443578305,-2.174119395,-0.001957779
184,1.03,0.93,39.882,0.12,0.05,0.02,-9832.857049,63727,0.69129181,0.443578305,-2.174119395,-0.001957779
185,1.03,0.93,39.882,0.12,0.05,0.03,-9832.857049,63727,0.69129181,0.443578305,-2.174119395,-0.001957779
186,1.03,0.93,39.882,0.12,0.06,0.01,-9832.857049,63727,0.69129181,0.443578305,-2.174119395,-0.001957779
187,1.03,0.93,39.882,0.12,0.06,0.02,-9832.857049,63727,0.69129181,0.443578305,-2.174119395,-0.001957779
188,1.03,0.93,39.882,0.12,0.06,0.03,-9832.857049,63727,0.69129181,0.443578305,-2.174119395,-0.001957779
414,1.05,0.93,39.882,0.1,0.04,0.01,-9843.10468,63727,0.69952831,0.448787431,-2.149642982,-0.001985405
415,1.05,0.93,39.882,0.1,0.04,0.02,-9843.10468,63727,0.69952831,0.448787431,-2.149642982,-0.001985405
416,1.05,0.93,39.882,0.1,0.04,0.03,-9843.10468,63727,0.69952831,0.448787431,-2.149642982,-0.001985405
417,1.05,0.93,39.882,0.1,0.05,0.01,-9843.10468,63727,0.69952831,0.448787431,-2.149642982,-0.001985405
418,1.05,0.93,39.882,0.1,0.05,0.02,-9843.10468,63727,0.69952831,0.448787431,-2.149642982,-0.001985405
419,1.05,0.93,39.882,0.1,0.05,0.03,-9843.10468,63727,0.69952831,0.448787431,-2.149642982,-0.001985405
420,1.05,0.93,39.882,0.1,0.06,0.01,-9843.10468,63727,0.69952831,0.448787431,-2.149642982,-0.001985405
421,1.05,0.93,39.882,0.1,0.06,0.02,-9843.10468,63727,0.69952831,0.448787431,-2.149642982,-0.001985405
422,1.05,0.93,39.882,0.1,0.06,0.03,-9843.10468,63727,0.69952831,0.448787431,-2.149642982,-0.001985405
423,1.05,0.93,39.882,0.12,0.04,0.01,-9843.10468,63727,0.69952831,0.448787431,-2.149642982,-0.001985405
424,1.05,0.93,39.882,0.12,0.04,0.02,-9843.10468,63727,0.69952831,0.448787431,-2.149642982,-0.001985405
425,1.05,0.93,39.882,0.12,0.04,0.03,-9843.10468,63727,0.69952831,0.448787431,-2.149642982,-0.001985405
426,1.05,0.93,39.882,0.12,0.05,0.01,-9843.10468,63727,0.69952831,0.448787431,-2.149642982,-0.001985405
427,1.05,0.93,39.882,0.12,0.05,0.02,-9843.10468,63727,0.69952831,0.448787431,-2.149642982,-0.001985405
428,1.05,0.93,39.882,0.12,0.05,0.03,-9843.10468,63727,0.69952831,0.448787431,-2.149642982,-0.001985405
429,1.05,0.93,39.882,0.12,0.06,0.01,-9843.10468,63727,0.69952831,0.448787431,-2.149642982,-0.001985405
430,1.05,0.93,39.882,0.12,0.06,0.02,-9843.10468,63727,0.69952831,0.448787431,-2.149642982,-0.001985405
431,1.05,0.93,39.882,0.12,0.06,0.03,-9843.10468,63727,0.69952831,0.448787431,-2.149642982,-0.001985405
675,1.07,0.93,42.82,0.08,0.04,0.01,-10248.27205,63727,0.695929751,0.448242737,-2.740977137,-0.0016419
676,1.07,0.93,42.82,0.08,0.04,0.02,-10248.27205,63727,0.695929751,0.448242737,-2.740977137,-0.0016419
677,1.07,0.93,42.82,0.08,0.04,0.03,-10248.27205,63727,0.695929751,0.448242737,-2.740977137,-0.0016419
678,1.07,0.93,42.82,0.08,0.05,0.01,-10248.27205,63727,0.695929751,0.448242737,-2.740977137,-0.0016419
679,1.07,0.93,42.82,0.08,0.05,0.02,-10248.27205,63727,0.695929751,0.448242737,-2.740977137,-0.0016419
680,1.07,0.93,42.82,0.08,0.05,0.03,-10248.27205,63727,0.695929751,0.448242737,-2.740977137,-0.0016419
681,1.07,0.93,42.82,0.08,0.06,0.01,-10248.27205,63727,0.695929751,0.448242737,-2.740977137,-0.0016419
682,1.07,0.93,42.82,0.08,0.06,0.02,-10248.27205,63727,0.695929751,0.448242737,-2.740977137,-0.0016419
683,1.07,0.93,42.82,0.08,0.06,0.03,-10248.27205,63727,0.695929751,0.448242737,-2.740977137,-0.0016419
684,1.07,0.93,42.82,0.1,0.04,0.01,-10248.27205,63727,0.695929751,0.448242737,-2.740977137,-0.0016419
685,1.07,0.93,42.82,0.1,0.04,0.02,-10248.27205,63727,0.695929751,0.448242737,-2.740977137,-0.0016419
686,1.07,0.93,42.82,0.1,0.04,0.03,-10248.27205,63727,0.695929751,0.448242737,-2.740977137,-0.0016419
687,1.07,0.93,42.82,0.1,0.05,0.01,-10248.27205,63727,0.695929751,0.448242737,-2.740977137,-0.0016419
688,1.07,0.93,42.82,0.1,0.05,0.02,-10248.27205,63727,0.695929751,0.448242737,-2.740977137,-0.0016419
689,1.07,0.93,42.82,0.1,0.05,0.03,-10248.27205,63727,0.695929751,0.448242737,-2.740977137,-0.0016419
690,1.07,0.93,42.82,0.1,0.06,0.01,-10248.27205,63727,0.695929751,0.448242737,-2.740977137,-0.0016419
691,1.07,0.93,42.82,0.1,0.06,0.02,-10248.27205,63727,0.695929751,0.448242737,-2.740977137,-0.0016419
692,1.07,0.93,42.82,0.1,0.06,0.03,-10248.27205,63727,0.695929751,0.448242737,-2.740977137,-0.0016419
693,1.07,0.93,42.82,0.12,0.04,0.01,-10248.27205,63727,0.695929751,0.448242737,-2.740977137,-0.0016419
694,1.07,0.93,42.82,0.12,0.04,0.02,-10248.27205,63727,0.695929751,0.448242737,-2.740977137,-0.0016419
695,1.07,0.93,42.82,0.12,0.04,0.03,-10248.27205,63727,0.695929751,0.448242737,-2.740977137,-0.0016419
696,1.07,0.93,42.82,0.12,0.05,0.01,-10248.27205,63727,0.695929751,0.448242737,-2.740977137,-0.0016419
697,1.07,0.93,42.82,0.12,0.05,0.02,-10248.27205,63727,0.695929751,0.448242737,-2.740977137,-0.0016419
698,1.07,0.93,42.82,0.12,0.05,0.03,-10248.27205,63727,0.695929751,0.448242737,-2.740977137,-0.0016419
699,1.07,0.93,42.82,0.12,0.06,0.01,-10248.27205,63727,0.695929751,0.448242737,-2.740977137,-0.0016419
700,1.07,0.93,42.82,0.12,0.06,0.02,-10248.27205,63727,0.695929751,0.448242737,-2.740977137,-0.0016419
701,1.07,0.93,42.82,0.12,0.06,0.03,-10248.27205,63727,0.695929751,0.448242737,-2.740977137,-0.0016419
702,1.07,0.93,45.66,0.08,0.04,0.01,-10248.27205,63727,0.695929751,0.448242737,-2.740977137,-0.0016419
703,1.07,0.93,45.66,0.08,0.04,0.02,-10248.27205,63727,0.695929751,0.448242737,-2.740977137,-0.0016419
704,1.07,0.93,45.66,0.08,0.04,0.03,-10248.27205,63727,0.695929751,0.448242737,-2.740977137,-0.0016419
705,1.07,0.93,45.66,0.08,0.05,0.01,-10248.27205,63727,0.695929751,0.448242737,-2.740977137,-0.0016419
706,1.07,0.93,45.66,0.08,0.05,0.02,-10248.27205,63727,0.695929751,0.448242737,-2.740977137,-0.0016419
707,1.07,0.93,45.66,0.08,0.05,0.03,-10248.27205,63727,0.695929751,0.448242737,-2.740977137,-0.0016419
708,1.07,0.93,45.66,0.08,0.06,0.01,-10248.27205,63727,0.695929751,0.448242737,-2.740977137,-0.0016419
709,1.07,0.93,45.66,0.08,0.06,0.02,-10248.27205,63727,0.695929751,0.448242737,-2.740977137,-0.0016419
710,1.07,0.93,45.66,0.08,0.06,0.03,-10248.27205,63727,0.695929751,0.448242737,-2.740977137,-0.0016419
711,1.07,0.93,45.66,0.1,0.04,0.01,-10248.27205,63727,0.695929751,0.448242737,-2.740977137,-0.0016419
712,1.07,0.93,45.66,0.1,0.04,0.02,-10248.27205,63727,0.695929751,0.448242737,-2.740977137,-0.0016419
713,1.07,0.93,45.66,0.1,0.04,0.03,-10248.27205,63727,0.695929751,0.448242737,-2.740977137,-0.0016419
714,1.07,0.93,45.66,0.1,0.05,0.01,-10248.27205,63727,0.695929751,0.448242737,-2.740977137,-0.0016419
715,1.07,0.93,45.66,0.1,0.05,0.02,-10248.27205,63727,0.695929751,0.448242737,-2.740977137,-0.0016419
716,1.07,0.93,45.66,0.1,0.05,0.03,-10248.27205,63727,0.695929751,0.448242737,-2.740977137,-0.0016419
717,1.07,0.93,45.66,0.1,0.06,0.01,-10248.27205,63727,0.695929751,0.448242737,-2.740977137,-0.0016419
718,1.07,0.93,45.66,0.1,0.06,0.02,-10248.27205,63727,0.695929751,0.448242737,-2.740977137,-0.0016419
719,1.07,0.93,45.66,0.1,0.06,0.03,-10248.27205,63727,0.695929751,0.448242737,-2.740977137,-0.0016419
720,1.07,0.93,45.66,0.12,0.04,0.01,-10248.27205,63727,0.695929751,0.448242737,-2.740977137,-0.0016419
721,1.07,0.93,45.66,0.12,0.04,0.02,-10248.27205,63727,0.695929751,0.448242737,-2.740977137,-0.0016419
722,1.07,0.93,45.66,0.12,0.04,0.03,-10248.27205,63727,0.695929751,0.448242737,-2.740977137,-0.0016419
723,1.07,0.93,45.66,0.12,0.05,0.01,-10248.27205,63727,0.695929751,0.448242737,-2.740977137,-0.0016419
724,1.07,0.93,45.66,0.12,0.05,0.02,-10248.27205,63727,0.695929751,0.448242737,-2.740977137,-0.0016419
725,1.07,0.93,45.66,0.12,0.05,0.03,-10248.27205,63727,0.695929751,0.448242737,-2.740977137,-0.0016419
726,1.07,0.93,45.66,0.12,0.06,0.01,-10248.27205,63727,0.695929751,0.448242737,-2.740977137,-0.0016419
727,1.07,0.93,45.66,0.12,0.06,0.02,-10248.27205,63727,0.695929751,0.448242737,-2.740977137,-0.0016419
728,1.07,0.93,45.66,0.12,0.06,0.03,-10248.27205,63727,0.695929751,0.448242737,-2.740977137,-0.0016419
648,1.07,0.93,39.882,0.08,0.04,0.01,-10856.46035,63727,0.688818803,0.443517894,-2.80478286,-0.001734605
649,1.07,0.93,39.882,0.08,0.04,0.02,-10856.46035,63727,0.688818803,0.443517894,-2.80478286,-0.001734605
650,1.07,0.93,39.882,0.08,0.04,0.03,-10856.46035,63727,0.688818803,0.443517894,-2.80478286,-0.001734605
651,1.07,0.93,39.882,0.08,0.05,0.01,-10856.46035,63727,0.688818803,0.443517894,-2.80478286,-0.001734605
652,1.07,0.93,39.882,0.08,0.05,0.02,-10856.46035,63727,0.688818803,0.443517894,-2.80478286,-0.001734605
653,1.07,0.93,39.882,0.08,0.05,0.03,-10856.46035,63727,0.688818803,0.443517894,-2.80478286,-0.001734605
654,1.07,0.93,39.882,0.08,0.06,0.01,-10856.46035,63727,0.688818803,0.443517894,-2.80478286,-0.001734605
655,1.07,0.93,39.882,0.08,0.06,0.02,-10856.46035,63727,0.688818803,0.443517894,-2.80478286,-0.001734605
656,1.07,0.93,39.882,0.08,0.06,0.03,-10856.46035,63727,0.688818803,0.443517894,-2.80478286,-0.001734605
657,1.07,0.93,39.882,0.1,0.04,0.01,-10856.46035,63727,0.688818803,0.443517894,-2.80478286,-0.001734605
658,1.07,0.93,39.882,0.1,0.04,0.02,-10856.46035,63727,0.688818803,0.443517894,-2.80478286,-0.001734605
659,1.07,0.93,39.882,0.1,0.04,0.03,-10856.46035,63727,0.688818803,0.443517894,-2.80478286,-0.001734605
660,1.07,0.93,39.882,0.1,0.05,0.01,-10856.46035,63727,0.688818803,0.443517894,-2.80478286,-0.001734605
661,1.07,0.93,39.882,0.1,0.05,0.02,-10856.46035,63727,0.688818803,0.443517894,-2.80478286,-0.001734605
662,1.07,0.93,39.882,0.1,0.05,0.03,-10856.46035,63727,0.688818803,0.443517894,-2.80478286,-0.001734605
663,1.07,0.93,39.882,0.1,0.06,0.01,-10856.46035,63727,0.688818803,0.443517894,-2.80478286,-0.001734605
664,1.07,0.93,39.882,0.1,0.06,0.02,-10856.46035,63727,0.688818803,0.443517894,-2.80478286,-0.001734605
665,1.07,0.93,39.882,0.1,0.06,0.03,-10856.46035,63727,0.688818803,0.443517894,-2.80478286,-0.001734605
666,1.07,0.93,39.882,0.12,0.04,0.01,-10856.46035,63727,0.688818803,0.443517894,-2.80478286,-0.001734605
667,1.07,0.93,39.882,0.12,0.04,0.02,-10856.46035,63727,0.688818803,0.443517894,-2.80478286,-0.001734605
668,1.07,0.93,39.882,0.12,0.04,0.03,-10856.46035,63727,0.688818803,0.443517894,-2.80478286,-0.001734605
669,1.07,0.93,39.882,0.12,0.05,0.01,-10856.46035,63727,0.688818803,0.443517894,-2.80478286,-0.001734605
670,1.07,0.93,39.882,0.12,0.05,0.02,-10856.46035,63727,0.688818803,0.443517894,-2.80478286,-0.001734605
671,1.07,0.93,39.882,0.12,0.05,0.03,-10856.46035,63727,0.688818803,0.443517894,-2.80478286,-0.001734605
672,1.07,0.93,39.882,0.12,0.06,0.01,-10856.46035,63727,0.688818803,0.443517894,-2.80478286,-0.001734605
673,1.07,0.93,39.882,0.12,0.06,0.02,-10856.46035,63727,0.688818803,0.443517894,-2.80478286,-0.001734605
674,1.07,0.93,39.882,0.12,0.06,0.03,-10856.46035,63727,0.688818803,0.443517894,-2.80478286,-0.001734605
